Motif_location (FASTA)	Cluster_id	Subcluster_id	Family_label
4NLF_A:2658-2663	0	0	GL
4IOA_X:2637-2642	0	0	GL
4LVW_A:58-63	0	0	GL
4V9F_0:1326-1331	0	0	GL
3NPQ_A:20-25	0	0	GL
4WF9_X:2685-2690	0	0	GL
5J7L_DA:2658-2663	0	0	GL
4V8P_D1:3014-3019	0	0	GL
4V9F_0:2695-2700	0	0	GL
4V88_A6:1501-1506	0	0	GL
3AM1_B:45-50	0	0	GL
4Y4O_2A:2658-2663	0	0	GL
4OQU_A:76-81	0	0	GL
5O60_A:2882-2887	0	0	HL
5TBW_1:3025-3030	0	0	HL
6AZ3_4:53-58	0	0	HL
5XXB_1:3137-3142	0	0	HL
6DME_A:25-30	0	0	HL
6FYY_2:1499-1504	0	0	HL
3J79_A:3411-3416	0	0	HL
5OQL_1:2084-2089	0	0	HL
5AN9_N:3361-3366	0	0	HL
6ERI_AA:2675-2680	0	0	HL
6HA1_A:2687-2692	0	0	HL
1F1T_A:14-19	0	0	HL
6ERI_BA:268-273	0	0	HL
3J7Q_5:4603-4608	0	0	HL
5V7Q_A:2896-2901	0	0	HL
4V91_1:3025-3030	0	0	HL
3KTW_C:209-214	0	1	GL
1G1X_J:726-731	0	1	GL
5J7L_AA:726-731	0	1	GL
2XXA_F:47-52	0	1	GL
4LFB_A:726-731	0	1	GL
3NDB_M:208-213	0	1	GL
1G1X_E:726-731	0	1	GL
4WF9_X:533-538	0	1	GL
4OQU_A:57-62	0	1	GL
4OQU_A:13-18	0	1	GL
3J79_B:86-91	0	1	GL
4IOA_X:1235-1240	0	1	GL
4C7O_E:19-24	0	1	GL
5MRC_aa:1607-1612	0	1	HL
5OPT_E:1272-1277	0	1	HL
5XYI_2:757-762	0	1	HL
5NGM_Aa:1526-1531	0	1	HL
3R9X_C:1515-1520	0	1	HL
1DUH_A:52-57	0	1	HL
6AZ1_1:1184-1189	0	1	HL
4LFB_A:1515-1520	0	1	HL
3J7O_7:86-91	0	1	HL
6AGB_A:177-182	0	1	HL
6HA1_A:534-539	0	1	HL
5J7L_AA:1515-1520	0	1	HL
5V93_a:717-722	0	1	HL
6HA1_a:1525-1530	0	1	HL
5GAH_1:52-57	0	1	HL
6HA1_a:735-740	0	1	HL
3R9W_B:1515-1520	0	1	HL
6D9J_7:86-91	0	1	HL
5ZEB_a:1499-1504	0	1	HL
6HA1_A:1262-1267	0	1	HL
5NGM_Aa:734-739	0	1	HL
2ZUE_B:953-961	1	2	TL
2ZZN_D:53-61	1	2	TL
2ZZM_B:53-61	1	2	TL
1J1U_B:554-562	1	2	TL
4WT8_D4:54-62	1	2	TL
4YYE_C:53-61	1	2	TL
4TUE_QV:53-61	1	2	TL
4V9Q_DV:53-61	1	2	TL
5WT1_C:53-61	1	2	HL
5WWT_C:53-61	1	2	HL
5L4O_A:53-61	1	2	HL
3J92_2:53-61	1	2	HL
3WQY_C:1653-1661	1	2	TL
6CFJ_1x:53-61	1	2	HL
6I0Y_V:53-61	1	2	HL
5E81_2K:54-62	1	2	HL
5X6B_P:52-60	1	2	HL
5OOL_A:2958-2966	1	3	HL
4IOA_X:2450-2458	1	3	HL
4WF9_X:2498-2506	1	3	HL
5V7Q_A:2709-2717	1	3	HL
5O60_A:2695-2703	1	3	HL
5X2G_B:73-81	1	3	HL
5T5H_B:638-646	1	3	HL
3ADD_C:31-39	1	3	HL
6ERI_AA:2488-2496	1	3	HL
2CSX_C:31-39	1	3	HL
1XJR_A:21-27	2	4	GL
3J79_A:1254-1260	2	4	GL
5TBW_1:1126-1132	2	4	GL
4V8P_D1:1153-1159	2	4	GL
4V9F_0:1054-1060	2	4	GL
5OOL_A:1746-1752	2	4	GL
4V8P_D1:88-94	2	4	GL
5XXB_1:1213-1219	2	4	HL
5AN9_N:1363-1369	2	4	HL
3J7Q_5:1864-1870	2	4	HL
5T5H_A:1309-1315	2	4	HL
5XY3_1:850-856	2	4	HL
5XY3_1:88-94	2	4	HL
4QK8_A:53-59	2	4	HL
6AZ3_1:1183-1189	2	4	HL
4V91_1:1126-1132	2	4	HL
5J7L_DA:305-312	3	5	TL
4WF9_X:348-355	3	5	TL
4IOA_X:316-323	3	5	TL
6ERI_AA:983-990	3	5	HL
6ERI_AA:723-730	3	5	HL
5V7Q_A:1083-1090	3	5	HL
6HA1_A:349-356	3	5	HL
5MRC_A:881-888	3	5	HL
5O60_A:1072-1079	3	5	HL
5V7Q_A:841-848	3	5	HL
5O60_A:827-834	3	5	HL
4KJI_C:5-12	3	5	HL
5J7L_AA:1165-1171	4	6	HL
5T2A_B:44-50	4	6	HL
4V6E_AX:32-38	4	6	HL
4B3R_Z:32-38	4	6	HL
5TBW_1:687-693	4	6	HL
4V91_1:687-693	4	6	HL
4WF9_X:824-830	4	6	HL
5O5J_W:32-38	4	6	HL
5AJ0_Bv:32-38	4	6	HL
4IOA_X:1075-1085	5	7	HL
5V7Q_A:1688-1699	5	7	HL
5XYI_2:817-827	5	7	HL
5OPT_E:1332-1342	5	7	HL
6AZ1_1:1244-1254	5	7	HL
5O60_A:1182-1192	5	7	HL
4LCK_B:71-76	6	8	GL
6CHR_A:173-178	6	8	GL
5D5L_A:8-13	6	8	GL
3LQX_B:153-158	6	8	GL
2IL9_A:6119-6119.E	6	8	GL
1HMH_E:104-114	6	8	GL
2OIU_Q:10-15	6	8	GL
2OIU_P:10-15	6	8	GL
1RLG_D:9-14	6	8	GL
3NVI_F:9-14	6	8	GL
1HMH_A:104-114	6	8	GL
4FRG_B:46-51	6	8	GL
5J7L_DA:2374-2379	6	8	GL
4GMA_Z:119-124	6	8	GL
3E5C_A:41-46	6	8	GL
4QK8_A:13-18	6	8	GL
3NKB_B:49-54	6	8	GL
3P22_A:17-22	6	8	GL
3IWN_A:21-26	6	8	GL
4RUM_A:51-56	6	8	GL
3CUL_C:7-12	6	8	GL
5TPY_A:13-18	6	8	GL
3NMU_E:18-23	6	8	GL
4Y1J_A:76-81	6	8	GL
3D0U_A:142-147	6	8	GL
4KQY_A:60-65	6	8	GL
4V8P_D1:2733-2738	6	8	GL
1G1X_D:590-649	6	8	GL
4LFB_A:1165-1171	6	8	GL
5TPY_A:62-67	6	8	GL
4Y4O_2A:1363-1368	6	8	GL
3SUX_X:65-70	6	8	GL
5M0J_E:12-17	6	8	GL
4WF9_X:2401-2406	6	8	GL
5M0I_E:12-17	6	8	GL
2OIU_P:28-33	6	8	GL
4V9F_0:2411-2416	6	8	GL
4V88_A6:937-942	6	8	GL
2OIU_P:59-64	6	8	GL
3MXH_R:31-36	6	8	GL
5M0I_F:12-17	6	8	GL
1KH6_A:28-33	6	8	GL
2OIU_Q:59-64	6	8	GL
4V9F_0:804-809	6	8	GL
4IOA_X:640-645	6	8	GL
4W90_C:82-87	6	8	GL
4PQV_A:13-18	6	8	GL
1G1X_I:590-649	6	8	GL
4WF9_X:674-679	6	8	GL
4Y1M_B:24-29	6	8	GL
5U3G_B:47-52	6	8	GL
5J7L_DA:1363-1368	6	8	GL
4PLX_A:24-29	6	8	GL
4V8P_D1:732-737	6	8	GL
4V5O_BA:915-920	6	8	GL
5M0J_F:12-17	6	8	GL
4JF2_A:8-13	6	8	GL
4BW0_A:9-14	6	8	GL
4P8Z_A:157-162	6	8	GL
4QLM_A:54-59	6	8	GL
4Y4O_2A:2374-2379	6	8	GL
6ERI_AA:641-646	6	8	HL
6GAZ_AA:376-381	6	8	HL
6CB3_B:76-81	6	8	HL
3J7A_A:1797-1802	6	8	HL
6GAZ_AA:198-203	6	8	HL
6HA1_A:2403-2408	6	8	HL
5Y7M_D:24-29	6	8	HL
3J9M_AA:1023-1028	6	8	HL
6ERI_BA:351-356	6	8	HL
6FYY_2:936-941	6	8	HL
6GAW_BA:1461-1466	6	8	HL
5O60_A:723-728	6	8	HL
6HA1_A:675-680	6	8	HL
6AZ3_2:1173-1178	6	8	HL
5UZ6_A:15-20	6	8	HL
5XXU_2:934-939	6	8	HL
3J7A_A:1006-1011	6	8	HL
6ERI_BA:675-680	6	8	HL
5U3G_B:18-23	6	8	HL
6ERI_AA:2391-2396	6	8	HL
6AZ1_1:1434-1439	6	8	HL
2OIU_Q:28-33	6	8	HL
6CU1_A:42-47	6	8	HL
6HA1_a:387-392	6	8	HL
5XY3_1:2198-2203	6	8	HL
5OOL_A:3126-3131	6	8	HL
5OPT_E:1550-1555	6	8	HL
3J79_A:963-968	6	8	HL
5MRC_aa:383-388	6	8	HL
5O60_A:2598-2603	6	8	HL
5T5H_B:1304-1309	6	8	HL
5VCI_A:16-21	6	8	HL
5V7Q_A:733-738	6	8	HL
283D_A:4-9	6	8	HL
5B2P_B:35-40	6	8	HL
5J7L_DA:1806-1811	6	8	HL
6HA1_A:1402-1407	6	8	HL
2IL9_A:6084.A-6084.F	6	8	HL
3J9M_AA:842-847	6	8	HL
4Y4O_2A:629-634	6	9	GL
1U6B_B:23-28	6	9	GL
1UN6_F:82-94	6	9	GL
2YGH_A:73-78	6	9	GL
3IGI_A:274-279	6	9	GL
4V9F_0:690-695	6	9	GL
1MFQ_A:197-202	6	9	GL
5TBW_1:844-849	6	9	GL
3RW6_H:27-32	6	9	GL
5FJC_A:73-78	6	9	GL
1Y0Q_A:204-209	6	9	GL
4V9F_0:1628-1633	6	9	GL
4LFB_A:158-163	6	9	GL
5DCV_D:26-31	6	9	GL
6CHR_A:369-374	6	9	GL
5J7L_DA:629-634	6	9	GL
4V8P_D1:869-874	6	9	GL
3MOJ_A:2529-2534	6	9	GL
5DDO_B:11-16	6	9	GL
5DDP_A:11-16	6	9	GL
5DDO_A:11-16	6	9	GL
3IAB_R:78-83	6	9	GL
4Y1J_A:20-25	6	9	GL
1M5K_B:74-79	6	9	GL
3V7E_C:105-110	6	9	GL
5J7L_AA:158-163	6	9	GL
5CZZ_B:34-39	6	9	GL
3E5C_A:18-23	6	9	GL
3Q1Q_B:135-140	6	9	GL
4AOB_A:73-78	6	9	GL
4IOA_X:2353-2358	6	9	GL
2R8S_R:149-154	6	9	GL
6D9J_5:1561-1566	6	9	HL
4Y1J_A:50-55	6	9	HL
6ERI_BA:143-148	6	9	HL
5G2X_A:322-327	6	9	HL
3JAN_4:197-202	6	9	HL
6AZ3_1:895-900	6	9	HL
3OXE_A:49-54	6	9	HL
5XY3_1:570-575	6	9	HL
3J7P_S2:1141-1146	6	9	HL
5XTM_D:24-29	6	9	HL
6HA1_a:157-162	6	9	HL
6CB3_B:20-25	6	9	HL
4V91_1:844-849	6	9	HL
6FRK_1:197-202	6	9	HL
5XTM_B:24-29	6	9	HL
5T5H_A:1011-1016	6	9	HL
4KR9_X:19-24	6	9	HL
5V93_a:154-159	6	9	HL
5AN9_N:3077-3082	6	9	HL
6CB3_B:50-55	6	9	HL
3J7Q_5:1561-1566	6	9	HL
5ZEB_a:155-160	6	9	HL
5T2A_B:1108-1113	6	9	HL
5MRC_A:2861-2866	7	10	GL
5F9F_F:10-15	7	10	GL
4V5O_BA:1268-1273	7	10	GL
4V88_A6:1296-1301	7	10	GL
5J7L_AA:1076-1081	7	10	GL
5TBW_1:357-362	7	10	GL
4V9F_0:468-473	7	10	GL
5OPT_E:1764-1769	7	10	HL
5O60_A:1336-1341	7	10	HL
3JCS_3:5-10	7	10	HL
6AZ3_3:5-10	7	10	HL
6AZ1_1:1648-1653	7	10	HL
6AZ3_8:88-93	7	10	HL
6ERI_AB:60-65	7	10	HL
3T4B_A:294-299	7	10	HL
5FLX_z:294-299	7	10	HL
4UYK_R:98-103	7	10	HL
5XXU_2:1291-1296	7	10	HL
4V91_1:357-362	7	10	HL
6FYY_2:1295-1300	7	10	HL
5XY3_1:330-335	7	10	HL
1OOA_C:13-18	7	10	HL
4V88_A6:1121-1126	8	11	GL
4LFB_A:379-384	8	11	GL
3W3S_B:47.F-47.K	8	11	GL
4LFB_A:897-902	8	11	GL
3J7A_A:1222-1227	8	11	GL
5J7L_AA:379-384	8	11	GL
5J7L_AA:186-191	8	11	GL
4V8P_D1:757-762	8	11	GL
5J7L_AA:897-902	8	11	GL
2EZ6_D:11-16	8	11	GL
4V5O_BA:1094-1099	8	11	GL
1MZP_B:25-30	8	11	GL
4V9F_0:1862-1867	8	11	GL
5J7L_DA:1868-1873	8	11	GL
6ERI_BA:847-852	8	11	HL
4V91_1:732-737	8	11	HL
6FYY_2:1120-1125	8	11	HL
5OOL_A:1786-1791	8	11	HL
6HA1_a:907-912	8	11	HL
5O60_A:2023-2028	8	11	HL
5ZEB_a:879-884	8	11	HL
5XYI_2:930-935	8	11	HL
5MRC_A:2925-2930	8	11	HL
5XXU_2:1116-1121	8	11	HL
6HA1_A:2823-2828	8	11	HL
5V93_a:378-383	8	11	HL
5V7Q_A:2040-2045	8	11	HL
6ERI_BA:1399-1404	8	11	HL
5TBW_1:732-737	8	11	HL
5ZEB_a:379-384	8	11	HL
5OPT_E:1589-1594	8	11	HL
4V91_1:2470-2475	8	11	HL
5V93_a:890-895	8	11	HL
6AZ1_1:1473-1478	8	11	HL
5NGM_Aa:906-911	8	11	HL
2NUE_C:21-26	8	11	HL
3Q1Q_B:187-192	8	12	GL
4WF9_X:1400-1405	8	12	GL
1U9S_A:204-209	8	12	GL
4LFB_A:1265-1270	8	12	HL
6FYY_2:413-418	8	12	HL
6D9J_2:462-467	8	12	HL
4V88_A6:414-419	8	12	HL
3IGI_A:368-373	8	12	HL
5OPT_E:212-217	8	12	HL
5O60_A:1478-1483	8	12	HL
3J7P_S2:462-467	8	12	HL
5XY3_1:1306-1311	8	12	HL
5V7Q_A:1494-1499	8	12	HL
5J7L_DA:2551-2557	9	13	HL
5MRC_A:2818-2824	9	13	HL
6ERI_AA:2568-2574	9	13	HL
5OPT_E:937-943	9	13	HL
4V88_A6:716-722	9	13	HL
3JB9_N:58-64	10	14	HL
3J7Q_5:68-73	10	14	HL
4V9I_AY:32-38	10	14	HL
3J79_A:2458-2463	10	14	HL
5OOL_A:3154-3159	10	14	HL
6D9J_5:68-73	10	14	HL
1U0B_A:53-61	11	15	TL
1B23_R:53-61	11	15	TL
2D6F_F:953-961	11	15	TL
2DLC_Y:553-561	11	15	TL
1QF6_B:53-61	11	15	TL
4V8Q_BY:66-74	11	15	TL
2CZJ_H:53-61	11	15	TL
5LZD_y:53-61	11	15	HL
5XXB_1:2649-2657	11	15	HL
5T5H_B:1393-1437	11	15	HL
3EPH_E:53-61	11	16	TL
5AXM_P:53-61	11	16	TL
3VJR_B:13-21	11	16	TL
3ICQ_E:53-61	11	16	TL
1EVV_A:53-61	11	16	HL
5IBB_1K:53-61	11	16	HL
4V4J_2:53-61	11	16	HL
6AH3_T:53-61	11	16	HL
4W29_AX:53-61	11	16	HL
6GZ4_Bw:53-61	11	16	HL
5IBB_1L:53-61	11	16	HL
1ZL3_B:408-416	11	16	HL
1R3E_C:408-416	11	16	HL
5JU8_AY:53-61	11	16	HL
4V9F_0:312-319	12	17	TL
5XY3_1:1680-1687	12	17	HL
5TC1_R:980-987	12	17	HL
3J7Q_5:4139-4145	13	18	HL
6D9J_5:1404-1413	13	18	HL
3J7A_7:25-42	14	19	HL
5OOL_A:2202-2209	15	20	HL
5J7L_DA:955-962	15	20	HL
4P5J_A:7-14	15	20	HL
6HA1_A:588-595	15	20	HL
6D9J_5:289-298	16	21	HL
4V5G_AY:13-22	16	21	HL
2DU3_D:912-922	16	21	HL
5E81_1K:13-22	16	21	HL
6GSK_1K:13-22	16	21	HL
1N78_C:513-522	16	21	HL
1QF6_B:13-22	16	21	HL
5O2R_x:13-22	16	21	HL
4LVW_A:34-44	16	21	HL
6HD7_A:13-22	16	21	HL
1QU2_T:13-22	16	21	HL
3TUP_T:13-22	16	21	HL
3Q1Q_C:13-22	16	21	HL
6HA1_a:217-222	17	22	HL
4V88_A6:230-235	17	22	HL
4V8P_D1:1947-1952	17	22	HL
5J7L_AA:419-424	17	22	HL
5D5L_A:60-65	17	22	HL
1KUQ_B:8-13	17	22	HL
5NGM_Aa:1038-1043	17	22	HL
5XY3_1:1588-1593	17	22	HL
4AY2_C:8-13	17	22	HL
5XXB_1:2026-2031	17	22	HL
4WF9_X:1735-1740	17	22	HL
5V7Q_A:1926-1931	17	22	HL
5ZEB_a:419-424	17	22	HL
5J7L_DA:1691-1696	17	22	HL
1NBS_B:152-157	17	22	HL
6DCC_B:11-16	17	22	HL
6HA1_A:1736-1741	17	22	HL
6AHU_A:201-206	17	22	HL
5NGM_Aa:427-432	17	22	HL
5LYS_B:48-60	17	22	HL
4PMI_A:53-58	17	22	HL
6DLR_A:27-32	17	22	HL
4IOA_X:1708-1713	17	22	HL
3J79_A:2191-2196	17	22	HL
5Y85_D:28-33	17	22	HL
5XJC_F:8-13	17	22	HL
4JF2_A:60-65	17	22	HL
5J7L_AA:1449-1454	17	22	HL
4PDB_I:17-22	17	22	HL
6ERI_AA:1727-1732	17	22	HL
4V91_1:1923-1928	17	22	HL
4V9F_0:1769-1774	17	22	HL
4LFB_A:419-424	17	22	HL
1P6V_B:26-31	17	22	HL
1YLS_B:220-225	17	22	HL
5TBW_1:1923-1928	17	22	HL
6DME_A:57-62	17	22	HL
5V7Q_A:1600-1605	17	22	HL
4Y4O_2A:1691-1696	17	22	HL
6ERI_BA:978-983	17	22	HL
2HW8_B:15-20	17	22	HL
5O60_A:1909-1914	17	22	HL
1I6U_C:16-21	17	22	HL
6CF2_G:14-19	17	22	HL
3J7P_S2:197-202	17	23	HL
3IGI_A:338-343	17	23	HL
5T5H_B:107-112	17	23	HL
5T2A_B:106-111	17	23	HL
4WF9_X:283-288	17	23	HL
2CZJ_H:25-30	17	23	HL
6D9J_2:197-202	17	23	HL
3J7O_7:36-41	17	23	HL
6AZ3_2:107-112	17	23	HL
4V9F_0:2876-2881	18	24	GL
1Y0Q_A:130-135	18	24	GL
4WFL_A:81-86	18	24	GL
3J79_A:1783-1788	18	24	GL
4IOA_X:1856-1861	18	24	GL
3Q1Q_B:284-289	18	24	GL
4Y4O_2A:1864-1878	18	24	GL
1U9S_A:99-104	18	24	GL
4V8P_D1:1658-1663	18	24	GL
4WZJ_XXX:50-55	18	24	GL
4V8P_D1:356-361	18	24	GL
5J7L_DA:2856-2861	18	24	GL
5XXU_2:414-419	18	24	HL
6HA1_A:1764-1769	18	24	HL
5XXU_2:1499-1504	18	24	HL
3J7P_S2:1353-1358	18	24	HL
5TBW_1:1634-1639	18	24	HL
5XXB_1:1728-1733	18	24	HL
3DD2_B:11-16	18	24	HL
5T2A_B:403-408	18	24	HL
3J7Q_5:2578-2583	18	24	HL
6AZ3_2:466-471	18	24	HL
3J7A_A:420-425	18	24	HL
1Y0Q_A:146-151	18	24	HL
4V91_1:1634-1639	18	24	HL
5MRC_A:393-398	18	25	GL
4R4V_A:735-740	18	25	GL
5MRC_A:2641-2646	18	25	GL
4WF9_X:1260-1265	18	25	GL
4Y4O_2A:1806-1811	18	25	GL
4QK9_A:56-61	18	25	GL
6GAW_BA:121-126	18	25	HL
4V91_1:1403-1408	18	25	HL
4C8Z_C:20-25	18	25	HL
6HA1_A:1835-1840	18	25	HL
5TBW_1:1403-1408	18	25	HL
3J7Q_5:368-373	18	25	HL
5TBW_1:599-604	18	25	HL
6ERI_AA:1816-1821	18	25	HL
5XXB_1:1500-1505	18	25	HL
6ERI_BA:1026-1031	18	25	HL
6HA1_A:1897-1902	18	25	HL
4WF9_X:1833-1838	18	25	HL
4C8Y_C:20-25	18	25	HL
359D_B:154-164	18	25	HL
4V91_1:599-604	18	25	HL
5MRC_aa:1171-1180	19	26	HL
4WF9_X:2621-2626	20	27	GL
3J79_A:365-370	20	27	GL
4V9F_0:2629-2634	20	27	GL
5J7L_DA:462-467	20	27	GL
4LFB_A:1076-1081	20	27	GL
3J79_A:3322-3327	20	27	GL
4V8P_D1:1429-1434	20	27	GL
3J7Q_5:4540-4545	20	27	GL
4Y4O_2A:2594-2599	20	27	GL
4V8P_D1:2951-2956	20	27	GL
4Y4O_2A:462-467	20	27	GL
5J7L_DA:2594-2599	20	27	GL
4IOA_X:473-478	20	27	GL
5TBW_1:2963-2968	20	27	GL
3J79_A:1551-1556	20	27	GL
4IOA_X:2573-2578	20	27	GL
4WF9_X:508-513	20	27	GL
6AZ3_1:397-402	20	27	HL
5O60_A:2818-2823	20	27	HL
5V7Q_A:551-556	20	27	HL
6HA1_A:2623-2628	20	27	HL
5T5H_A:1627-1632	20	27	HL
5XXB_1:3074-3079	20	27	HL
6ERI_AA:474-479	20	27	HL
5XXB_1:365-370	20	27	HL
5AN9_N:3296-3301	20	27	HL
6ERI_AA:1243-1248	20	27	HL
5O60_A:550-555	20	27	HL
5NGM_Aa:1087-1092	20	27	HL
5T5H_B:1533-1538	20	27	HL
6AZ3_1:1494-1499	20	27	HL
5ZEB_a:1246-1251	20	27	HL
5ZEB_a:1056-1061	20	27	HL
5XY3_1:2418-2423	20	27	HL
6ERI_AA:2611-2616	20	27	HL
4V91_1:2963-2968	20	27	HL
6HA1_a:1086-1091	20	27	HL
5V93_a:1067-1072	20	27	HL
5V7Q_A:2832-2837	20	27	HL
5T2A_B:1337-1342	20	27	HL
4LGT_E:2594-2599	20	27	HL
6AZ3_2:1402-1407	20	27	HL
5T5H_A:401-406	20	27	HL
6HA1_A:509-514	20	27	HL
2ZZM_B:47-47.E	20	28	GL
3Q1Q_B:92-97	20	28	GL
5J7L_DA:2356-2361	20	28	GL
4WF9_X:2876-2881	20	28	GL
5TBW_AS:88-93	20	28	GL
3G9C_Q:108-113	20	28	GL
4V91_3:88-93	20	28	HL
3J7P_S2:1421-1426	20	28	HL
6CK5_A:27-32	21	29	HL
4V5O_BA:760-766	21	29	HL
6AZ1_1:1662-1667	21	29	HL
5T83_A:77-85	22	30	HL
4V8P_D1:2662-2670	22	30	HL
1Y0Q_A:225-233	22	30	HL
1H3E_B:53-61	23	31	TL
2DU3_D:952-960	23	31	TL
1WZ2_D:965-973	23	31	TL
4LCK_B:52-60	23	31	TL
1QTQ_B:953-961	23	31	TL
3AMU_B:53-61	23	31	TL
2AKE_B:53-61	23	31	TL
2AZX_D:553-561	23	31	TL
2DER_D:53-61	23	31	TL
1SER_T:53-61	23	31	TL
5HR7_D:52-60	23	31	TL
4V9K_AW:53-61	23	31	TL
5HR6_C:52-60	23	31	TL
4JXZ_B:953-961	23	31	TL
5MRC_bb:53-61	23	31	HL
6GSL_3L:54-62	23	31	HL
5VPP_XV:55-63	23	31	HL
5IB8_1L:53-61	23	31	HL
4V5G_AY:53-61	23	31	HL
6D9J_5:4417-4425	23	31	HL
5XXB_1:2835-2843	23	31	HL
3J7Q_5:4301-4309	23	31	HL
3J7Q_5:4417-4425	23	31	HL
5E81_3L:53-61	23	31	HL
5OPT_E:818-826	23	31	HL
4V8N_CV:55-63	23	31	TL
5XXB_1:2951-2959	23	31	HL
5VPP_QV:55-63	23	31	HL
5T2A_B:1214-1222	23	31	HL
4ATO_G:16-24	23	31	HL
5E81_1K:53-61	23	31	HL
6GSL_1K:54-62	23	31	HL
6GSL_1L:54-62	23	31	HL
6AZ3_2:1279-1287	23	31	HL
5MGP_x:53-61	23	31	HL
5B63_D:954-962	23	31	HL
1H4S_T:53-61	23	31	HL
5TBW_1:2840-2848	23	31	HL
4V91_1:2840-2848	23	31	HL
6HD7_A:53-61	23	31	HL
1F7U_B:953-961	23	32	TL
1J2B_C:954-962	23	32	TL
2BTE_B:53-61	23	32	TL
3OVB_C:12-20	23	32	TL
2NR0_E:53-61	23	32	TL
1FIR_A:53-61	23	32	TL
1GAX_D:952-960	23	32	TL
4RDX_C:53-61	23	32	TL
1QU2_T:53-61	23	32	TL
5AH5_D:53-61	23	32	TL
3ZGZ_B:53-61	23	32	TL
5LZS_3:53-61	23	32	HL
6HA8_x:53-61	23	32	HL
6D9J_3:64-72	23	32	HL
6D90_3:64-72	23	32	HL
6HA1_x:64-72	23	32	HL
4WSM_3L:64-72	23	32	HL
5O2R_x:53-61	23	32	HL
6MTC_4:53-61	23	32	HL
5CCB_N:53-61	23	32	HL
5MMM_z:31-39	24	33	HL
6CAQ_W:31-39	24	33	HL
4V5O_BA:1030-1038	24	33	HL
6CAR_W:31-39	24	33	HL
4YCO_D:31-39	24	33	HL
3J9M_AA:989-998	24	33	HL
5TCU_D:31-39	24	33	HL
4DR4_W:31-39	24	33	HL
6CAP_W:31-39	24	33	HL
6CAS_W:31-39	24	33	HL
5J7L_DA:744-753	24	33	HL
5IMQ_5:31-39	24	33	HL
2I82_F:1307-1315	24	33	HL
6CAO_W:31-39	24	33	HL
6HA1_a:192-197	25	34	HL
4LFB_A:342-347	25	34	HL
5V93_a:341-346	25	34	HL
5NGM_Aa:350-355	25	34	HL
5ZEB_a:191-196	25	34	HL
1UN6_F:15-64	25	34	HL
6ERI_BA:314-319	25	34	HL
6HA1_a:350-355	25	34	HL
5J7L_DA:1533-1538	25	34	HL
6AGB_A:226-231	25	34	HL
6AZ1_1:457-462	25	34	HL
6ERI_AA:1567-1572	25	34	HL
5ML7_B:2187-2192	25	34	HL
4LFB_A:1449-1454	25	34	HL
5J7L_AA:342-347	25	34	HL
5ZEB_a:342-347	25	34	HL
5OPT_E:461-466	25	34	HL
5OB3_A:30-35	25	34	HL
4V5O_BA:405-410	25	34	HL
4ZDO_E:46.E-46.J	25	34	HL
4V9F_0:576-581	26	35	GL
4YAZ_R:25-30	26	35	GL
4V9F_9:89-94	26	35	GL
4Y4O_2A:2856-2861	26	35	GL
5J7L_AA:1265-1270	26	35	GL
4Y4O_2A:1222-1227	26	35	GL
6ERI_BA:1214-1219	26	35	HL
6HA1_a:1274-1279	26	35	HL
5V93_a:1257-1262	26	35	HL
3J7Q_5:2561-2566	26	35	HL
5NGM_Aa:1275-1280	26	35	HL
3IGI_A:89-94	26	36	GL
5FDV_1B:86-91	26	36	GL
2Z75_B:113-118	26	36	GL
4IOA_Y:88-93	26	36	GL
6HA1_A:2881-2886	26	36	HL
3J7Q_5:4102-4107	26	36	HL
6D9J_2:1565-1570	26	36	HL
3J7P_S2:1565-1570	26	36	HL
361D_B:86-90	26	36	HL
361D_A:86-90	26	36	HL
5XY3_3:86-91	26	36	HL
1Y26_X:59-67	27	37	HL
3LA5_A:59-67	27	37	HL
4W29_AX:31-39	27	37	HL
4LX6_A:59-67	27	37	HL
4V6D_CV:31-39	27	37	HL
6FYY_1:31-39	27	37	HL
6HA1_A:2500-2508	27	37	HL
4XNR_X:59-67	27	37	HL
2AKE_B:31-39	27	37	HL
5SWD_B:59-67	27	37	HL
3J7P_S2:1291-1307	28	38	HL
6AZ3_7:69-89	28	38	HL
5J7L_AA:1314-1323	29	39	HL
1E8O_E:131-140	29	39	HL
4RGE_C:29-38	29	39	HL
6ERI_BA:1263-1272	29	39	HL
3JAN_4:31-40	29	39	HL
6FRK_1:31-40	29	39	HL
5V93_a:1306-1315	29	39	HL
5ZEB_a:1296-1305	29	39	HL
6HA1_a:1323-1332	29	39	HL
5T2A_B:996-1008	30	40	HL
6AZ3_2:1061-1073	30	40	HL
5T5H_B:1192-1204	30	40	HL
5OPT_E:291-298	31	41	HL
5F5F_F:7-14	31	41	HL
6ELZ_6:36-43	31	41	HL
5F5F_B:7-14	31	41	HL
6CHR_A:466-473	31	41	HL
5VOE_A:15-22	32	42	HL
3J79_A:38-45	32	42	HL
6GAZ_AA:760-767	32	42	HL
5MRC_A:1313-1320	32	42	HL
3J7Q_5:2006-2013	32	42	HL
5XXB_1:38-45	32	42	HL
6G90_2:54-61	32	42	HL
6AZ3_1:36-43	32	42	HL
3HHN_E:92-99	32	42	HL
3IVK_M:92-99	32	42	HL
6D9J_5:2006-2013	32	42	HL
5AN9_N:1502-1509	32	42	HL
4PCJ_A:16-21	33	43	GL
6CHR_A:563-568	33	43	GL
5TBW_1:2744-2749	33	43	GL
4K50_B:587-592	33	43	GL
4K27_U:26-31	33	43	GL
4LFB_A:1012-1017	33	43	GL
5TBW_1:707-712	33	43	GL
5M0H_A:21-26	33	43	GL
6CHR_A:481-486	33	43	GL
5BTM_A:26-31	33	43	GL
1KXK_A:33-38	33	43	GL
3J79_A:3083-3088	33	43	GL
6AZ3_1:745-750	33	43	HL
5XXB_1:2855-2860	33	43	HL
4V91_1:2744-2749	33	43	HL
5MRC_aa:302-307	33	43	HL
5T5H_A:842-847	33	43	HL
6ERI_BA:962-967	33	43	HL
6D9J_5:4321-4326	33	43	HL
6AZ4_A:20-25	33	43	HL
3J7Q_5:4321-4326	33	43	HL
5XXB_1:794-799	33	43	HL
4V91_1:707-712	33	43	HL
1Q96_A:13-18	33	44	GL
6CHR_A:600-605	33	44	GL
5T5H_A:427-432	33	44	HL
5XXB_1:390-395	33	44	HL
3J79_A:391-396	33	44	HL
5NGM_Aa:1021-1026	33	44	HL
6ERI_BA:170-175	33	44	HL
6AZ3_1:423-428	33	44	HL
5AN9_N:2486-2491	33	44	HL
5J7L_AA:1012-1017	33	44	HL
3J7Q_5:393-398	33	44	HL
6HA1_a:1022-1027	33	44	HL
3J9M_AA:1580-1585	33	44	HL
5ZEB_a:995-1000	33	44	HL
6D9J_5:393-398	33	44	HL
5T5H_E:4-9	33	44	HL
6GAZ_AA:941-946	33	44	HL
3J7P_S2:69-80	34	45	HL
2A64_A:313-324	34	45	HL
3DHS_A:313-324	34	45	HL
6D9J_2:69-80	34	45	HL
3J79_A:3127-3133	35	46	HL
5TBW_1:2293-2299	35	46	HL
4V8P_D1:2288-2294	35	46	HL
4V91_1:2293-2299	35	46	HL
3J79_A:2586-2592	35	46	HL
6D9J_5:3797-3803	35	46	HL
5XXB_1:2406-2412	35	46	HL
6AZ3_1:1751-1761	36	47	HL
5T5H_A:1937-1947	36	47	HL
5V7Q_A:2502-2514	37	48	HL
4V91_1:2633-2645	37	48	HL
4WF9_X:2773-2785	37	48	HL
4IOA_X:2726-2738	37	48	HL
5MRC_A:2290-2302	37	48	HL
5O60_A:2488-2500	37	48	HL
5TBW_1:2633-2645	37	48	HL
5V7Q_A:337-346	38	49	HL
5O60_A:2134-2144	39	50	HL
4V88_A6:521-531	39	50	HL
5J7L_DA:1910-1920	39	50	HL
6ERI_AA:1924-1934	39	50	HL
6FYY_2:520-530	39	50	HL
5V7Q_A:2148-2158	39	50	HL
4V9F_0:1833-1843	39	50	HL
6HA1_A:1939-1949	39	50	HL
4Y4O_2A:1910-1920	39	50	HL
5J7L_AA:321-332	40	51	TL
4V88_A6:393-404	40	51	TL
4V5O_BA:384-395	40	51	TL
6HA1_a:329-340	40	51	HL
2ZUE_B:913-922	40	51	HL
6ERI_BA:293-304	40	51	HL
3J7P_S2:441-452	40	51	HL
5NGM_Aa:329-340	40	51	HL
5XXU_2:393-404	40	51	HL
6D9J_2:441-452	40	51	HL
4LFB_A:321-332	40	51	HL
6FYY_2:392-403	40	51	HL
6C66_J:51-56	41	52	HL
4U7U_L:51-56	41	52	HL
5XYI_2:345-350	41	52	HL
5H9F_L:51-56	41	52	HL
5O60_A:2366-2371	41	52	HL
6ERI_BA:391-396	41	52	HL
6HA1_A:2172-2177	41	52	HL
4WF9_X:686-692	42	53	GL
6HA1_A:687-693	42	53	HL
5XY3_1:1527-1533	42	53	HL
3J9M_AA:1281-1287	42	53	HL
5V7Q_A:745-751	42	53	HL
4WF9_X:1674-1680	42	53	HL
6HA1_A:826-832	42	53	HL
4JYA_Y:32-38	42	53	HL
5O60_A:735-741	42	53	HL
6ERI_AA:790-796	42	53	HL
4IOA_X:757-766	43	54	HL
3J7Q_5:1593-1602	43	54	HL
5T5H_A:1043-1052	43	54	HL
4V91_1:876-885	43	54	HL
4WF9_X:756-765	43	54	HL
4V8P_D1:901-910	43	54	HL
5TBW_1:876-885	43	54	HL
6AZ3_1:927-936	43	54	HL
3J79_A:995-1004	43	54	HL
5XXB_1:966-975	43	54	HL
6CHR_A:390-395	44	55	GL
4IOA_X:2831-2836	44	55	GL
4V8P_D1:2531-2536	44	55	GL
4V8P_D1:582-587	44	55	GL
6GAW_BA:1417-1422	44	55	HL
5MRC_aa:1123-1128	44	55	HL
5XYI_2:566-571	44	55	HL
6D9J_2:1178-1183	44	55	HL
5MRC_aa:962-967	44	55	HL
3J7P_S2:1178-1183	44	55	HL
4WSM_1K:49-54	44	55	HL
4V5O_BA:226-231	44	55	HL
6HA1_A:228-233	44	55	HL
5OQL_2:141-146	44	55	HL
4P8Z_A:99-104	45	56	GL
4LFB_A:862-867	45	56	GL
5J7L_AA:862-867	45	56	GL
5V93_a:855-860	45	56	HL
5NGM_Aa:871-876	45	56	HL
5V7Q_A:767-772	45	56	HL
5G2X_A:438-443	45	56	HL
6ERI_BA:812-817	45	56	HL
4V8P_D1:2215-2220	45	56	HL
5ZEB_a:844-849	45	56	HL
6HA1_a:872-877	45	56	HL
4IOA_X:2335-2340	45	56	HL
6ELZ_6:11-17	46	57	HL
4P8Z_A:127-133	46	57	HL
6GSK_1K:54-60	46	57	HL
4WF9_X:2236-2242	46	57	HL
6HA1_A:2238-2244	46	57	HL
6ERI_AA:179-186	47	58	HL
4V9F_0:164-171	47	58	HL
5J7L_DA:194-201	47	58	HL
5MRC_A:234-241	47	58	HL
4WF9_X:197-204	47	58	HL
4IOA_X:171-178	47	58	HL
5O60_A:193-200	47	58	HL
6HA1_A:197-204	47	58	HL
4Y4O_2A:194-201	47	58	HL
3J79_A:2129-2135	48	59	HL
6BK8_6:70-76	48	59	HL
5XY3_4:107-113	48	59	HL
3P49_A:41-47	48	59	HL
1U0B_A:32-38	48	59	HL
6ASO_I:70-76	48	59	HL
1QU2_T:32-38	48	59	HL
4YCO_D:53-61	49	60	TL
3Q1Q_C:63-71	49	60	TL
2DRA_B:12-20	49	60	TL
3W3S_B:53-61	49	60	TL
3WFS_A:53-61	49	60	TL
3AM1_B:59-67	49	60	TL
4V90_AV:53-61	49	60	TL
3TUP_T:53-61	49	60	TL
5E6M_C:53-61	49	60	TL
4QEI_C:53-61	49	60	TL
5MMM_z:53-61	49	60	HL
3J7R_S5:53-61	49	60	HL
5TCU_D:53-61	49	60	HL
1P6V_B:45-53	49	60	HL
5IMQ_5:53-61	49	60	HL
1N78_C:553-561	49	60	TL
5XYI_2:260-268	49	60	HL
6HCJ_q3:53-61	49	60	HL
5AJ0_Bv:53-61	49	60	HL
3D0U_A:121-127	50	61	GL
4V9F_0:493-499	50	61	GL
5J7L_DA:611-617	50	61	HL
3DIL_A:124-130	50	61	HL
5TBW_1:1023-1029	50	61	HL
5V7Q_A:1865-1871	50	61	HL
5MRC_A:1713-1719	50	61	HL
3J7Q_5:2810-2816	50	61	HL
6D9J_3:49-55	50	61	HL
4V91_1:1023-1029	50	61	HL
4V91_1:1862-1868	50	61	HL
6HA1_a:472-478	50	61	HL
5TBW_1:1862-1868	50	61	HL
6HA1_x:49-55	50	61	HL
5XXB_4:108-114	50	61	HL
1N33_Y:32-38	50	61	HL
6D9J_5:2810-2816	50	61	HL
3J7P_S2:957-966	51	62	HL
6ERI_AA:755-764	51	62	HL
4V5O_BA:878-887	51	62	HL
6AZ1_1:1147-1156	51	62	HL
3J7A_A:969-978	51	62	HL
6FYY_2:899-908	51	62	HL
4V88_A6:900-909	51	62	HL
6D9J_2:957-966	51	62	HL
6ERI_AA:576-585	51	62	HL
5OQL_1:1485-1494	51	62	HL
5XXU_2:897-906	51	62	HL
5OPT_E:1235-1244	51	62	HL
5NGM_Aa:697-706	52	63	HL
4LFB_A:689-698	52	63	HL
4Y4O_2A:2027-2036	52	63	HL
6ERI_BA:638-647	52	63	HL
5V7Q_A:873-882	52	63	HL
4WF9_X:2054-2063	52	63	HL
5O60_A:859-868	52	63	HL
5J7L_AA:689-698	52	63	HL
6HA1_a:698-707	52	63	HL
5J7L_DA:2027-2036	52	63	HL
6HA1_A:2056-2065	52	63	HL
5MRC_A:1927-1936	52	63	HL
6ERI_AA:2041-2050	52	63	HL
6DB9_R:36-45	52	63	HL
4V91_1:911-917	53	64	HL
3J79_A:1030-1036	53	64	HL
5XXB_1:1001-1007	53	64	HL
4V8P_D1:936-942	53	64	HL
6AZ3_1:962-968	53	64	HL
6D9J_5:1628-1634	53	64	HL
5T5H_A:1078-1084	53	64	HL
5TBW_1:911-917	53	64	HL
5XY3_1:638-644	53	64	HL
5T5H_A:1382-1501	54	65	HL
3IGI_A:47-61	54	65	HL
3J9M_AA:1074-1084	55	66	HL
5J7L_AA:786-796	55	66	HL
4LFB_A:786-796	55	66	HL
6HA1_a:795-805	55	66	HL
5NGM_Aa:794-804	55	66	HL
5ZEB_a:766-776	55	66	HL
6GAZ_AA:426-436	55	66	HL
6ERI_BA:735-745	55	66	HL
5J7L_DA:158-168	55	66	HL
6D9J_5:3757-3767	55	67	HL
3J79_A:2546-2556	55	67	HL
5XXB_1:2366-2376	55	67	HL
5T2A_B:436-446	55	67	HL
5XY3_1:1770-1780	55	67	HL
5AN9_N:2519-2529	55	67	HL
6AZ3_2:499-509	55	67	HL
5TBW_1:2253-2263	55	67	HL
3J7Q_5:3757-3767	55	67	HL
4V91_1:2253-2263	55	67	HL
4V91_1:2135-2145	56	68	HL
4WF9_X:1804-1814	56	68	HL
5V7Q_A:2011-2021	56	68	HL
5TBW_1:2135-2145	56	68	HL
5O60_A:1994-2004	56	68	HL
5MRC_A:1684-1694	56	68	HL
6FYY_1:53-61	57	69	HL
3PDR_X:99-107	57	69	HL
6GAW_BA:1557-1565	57	69	HL
5NGM_Aa:1174-1182	57	69	HL
5OPT_E:870-878	57	69	HL
6D9J_5:2376-2384	57	69	HL
3J7Q_5:2376-2384	57	69	HL
5XY3_1:194-202	57	69	HL
4V9F_0:2836-2844	57	69	HL
5XXB_1:3301-3307	58	70	HL
4V9F_0:136-142	58	70	HL
6AZ3_1:819-825	58	70	HL
5V7Q_A:1961-1967	58	70	HL
6F4H_D:6-17	59	71	HL
3MXH_R:65-75	59	71	HL
4C4W_H:11-22	59	71	HL
1URN_Q:5-16	59	71	HL
5DDO_A:34-45	59	71	HL
4PR6_B:147-158	59	71	HL
3K0J_E:22-33	59	71	HL
5DDP_A:34-45	59	71	HL
4PRF_B:147-158	59	71	HL
1M5K_B:35-46	59	71	HL
4PKD_V:64-75	59	71	HL
3EGZ_B:35-46	59	71	HL
2CSX_C:53-61	60	72	TL
3AL0_E:53-61	60	72	TL
3A2K_C:54-62	60	72	TL
1C0A_B:653-661	60	72	TL
4MGN_B:52-60	60	72	TL
3KFU_L:53-61	60	72	TL
4WJ4_B:53-61	60	72	TL
4X4V_B:12-20	60	72	TL
4WJ3_S:53-61	60	72	TL
6HD7_B:53-61	60	72	HL
3J9W_AX:53-61	60	72	HL
5JTE_AX:53-61	60	72	HL
4YCP_B:53-61	60	72	TL
5T5H_G:42-60	60	72	HL
5T2A_B:552-561	61	73	HL
6AZ3_2:615-624	61	73	HL
5T5H_B:715-724	61	73	HL
4WF9_X:587-594	62	74	HL
5C45_X:36-43	62	74	HL
3F2X_X:36-43	62	74	HL
3J79_A:883-890	62	74	HL
6DN2_X:36-43	62	74	HL
5T5H_A:130-137	62	74	HL
5IBB_1K:13-22	63	75	HL
5XY3_1:1887-1896	63	75	HL
4W29_AX:13-22	63	75	HL
5TBW_1:90-96	64	76	GL
4Y4O_2A:246-252	64	76	GL
4IOA_X:223-229	64	76	GL
3J79_A:90-96	64	76	GL
5J7L_DA:487-493	64	76	GL
5J7L_DA:246-252	64	76	GL
4WF9_X:249-255	64	76	GL
5T5H_A:90-96	64	76	HL
3J7Q_5:89-95	64	76	HL
6ERI_AA:231-237	64	76	HL
6HA1_A:249-255	64	76	HL
5XXB_1:90-96	64	76	HL
6D9J_5:89-95	64	76	HL
6AZ3_1:89-95	64	76	HL
4V91_1:90-96	64	76	HL
4WF9_X:2291-2303	65	77	HL
5J7L_DA:2264-2276	65	77	HL
5XXB_1:2744-2756	65	77	HL
4Y4O_2A:2264-2276	65	77	HL
6HA1_A:2293-2305	65	77	HL
6ERI_AA:2281-2293	65	77	HL
4V9F_0:2298-2310	65	77	HL
5AH5_D:12-23	65	77	HL
5XXB_1:2784-2792	66	78	HL
4V91_1:2673-2681	66	78	HL
6AZ3_2:1101-1109	66	78	HL
3J79_A:3012-3020	66	78	HL
5T2A_B:1036-1044	66	78	HL
5AN9_N:3006-3014	66	78	HL
5TBW_1:2673-2681	66	78	HL
3J79_A:2662-2671	67	79	HL
5TBW_1:2369-2378	67	79	HL
3J7Q_5:3873-3882	67	79	HL
4V8P_D1:2364-2373	67	79	HL
4V91_1:2369-2378	67	79	HL
5XXB_1:2482-2491	67	79	HL
6D9J_5:3873-3882	67	79	HL
5AN9_N:2635-2644	67	79	HL
4IOA_X:498-503	68	80	GL
4Y4O_2A:487-493	68	80	GL
4V8P_C3:86-91	68	80	GL
4V9F_0:2248-2253	68	80	GL
5XXB_3:86-91	68	80	HL
5V7Q_A:576-581	68	80	HL
5O60_A:575-580	68	80	HL
3WFS_A:32-38	69	81	HL
4V4J_2:32-38	69	81	HL
5CZZ_B:59-65	69	81	HL
5O60_A:224-230	69	81	HL
6HA1_a:1174-1180	69	81	HL
6AZ3_1:758-764	69	81	HL
5MRC_A:505-511	69	81	HL
5L4O_A:13-22	70	82	HL
6CFJ_1x:13-22	70	82	HL
5V7Q_A:471-481	70	82	HL
5MGP_x:13-22	70	82	HL
1J1U_B:513-523	70	82	HL
3J92_2:13-22	70	82	HL
4WT8_D4:13-23	70	82	HL
4TUE_QV:12-22	70	82	HL
5O60_A:470-480	70	82	HL
6I0Y_V:13-22	70	82	HL
4V88_A6:1396-1402	71	83	GL
3CUL_C:70-76	71	83	HL
6ERI_AA:653-659	71	83	HL
3J7A_A:1642-1648	71	83	HL
6FYY_2:1394-1400	71	83	HL
2QWY_C:7-25	72	84	HL
6CHR_A:126-144	72	84	HL
6B46_M:46-60	72	84	HL
5O60_A:409-417	73	85	HL
6HA1_a:267-275	73	85	HL
5J7L_AA:259-267	73	85	HL
5V7Q_A:410-418	73	85	HL
5NGM_Aa:267-275	73	85	HL
5TBW_1:2164-2170	74	86	GL
5J7L_DA:1630-1636	74	86	GL
5O60_A:1848-1854	74	86	HL
4Y4O_2A:779-785	74	86	HL
6HA1_A:1001-1008	74	86	HL
6GAW_BA:326-332	74	86	HL
4IOA_X:792-798	74	86	HL
6HA1_A:656-662	74	86	HL
5MRC_A:670-676	74	86	HL
5LM7_G:21-27	74	86	HL
6HA1_A:1675-1681	74	86	HL
6ERI_AA:1666-1672	74	86	HL
4V91_1:2164-2170	74	86	HL
6GAZ_AA:568-577	75	87	HL
3J7P_S2:1245-1254	75	87	HL
6ERI_AA:1748-1756	75	87	HL
6D9J_8:121-129	76	88	HL
3J7Q_8:121-129	76	88	HL
4Y4O_2A:1281-1289	77	89	TL
4GMA_Z:58-66	77	89	TL
6CHR_A:31-39	77	89	TL
4WF9_X:1318-1326	77	89	TL
6ERI_AA:1302-1310	77	89	HL
5TBW_1:216-224	77	89	HL
6HA1_A:1320-1328	77	89	HL
2AKE_B:13-22	77	89	HL
3SKL_B:38-46	77	89	HL
4IOA_X:1294-1302	77	89	TL
3AL0_E:13-22	77	89	HL
4V91_1:216-224	77	89	HL
2AZX_D:513-522	77	89	HL
3SKI_A:39-47	77	89	HL
6ERI_AA:336-344	77	89	HL
6CU1_A:58-66	77	89	HL
6ERI_BA:231-239	77	89	HL
5XXB_1:219-227	77	89	HL
6CK5_A:84-92	78	90	HL
3J7Q_5:4250-4258	78	90	HL
5OOL_A:3216-3224	78	90	HL
5C45_X:17-25	79	91	TL
4FRG_B:28-36	79	91	TL
6DN2_X:17-25	79	91	TL
6DN2_Y:68-76	79	91	TL
3F2X_X:17-25	79	91	TL
3F2X_X:68-76	79	91	TL
5C45_Y:68-76	79	91	TL
4V88_A6:764-772	79	91	HL
6FYY_2:764-772	79	91	HL
3J7A_A:814-822	79	91	HL
5TBW_1:2442-2505	79	91	HL
4IOA_X:396-404	79	91	HL
4V88_A6:997-1007	80	92	HL
6FYY_2:996-1006	80	92	HL
3J7A_A:1066-1076	80	92	HL
4V5O_BA:975-985	80	92	HL
5XXU_2:994-1004	80	92	HL
3J7P_S2:1054-1064	80	92	HL
6GAW_BA:829-839	81	93	HL
4Y4O_2A:1777-1787	81	93	HL
6ERI_AA:1787-1797	81	93	HL
5OOL_A:2497-2507	81	93	HL
6GAZ_AA:123-128	82	94	HL
3J79_A:69-74	82	94	HL
5OOL_A:2902-2907	82	94	HL
4V8P_D1:67-72	82	94	HL
5XXB_1:69-74	82	94	HL
5MRC_A:1345-1350	82	94	HL
5XXB_1:2278-2283	82	94	HL
5XY3_1:67-72	82	94	HL
4IOA_X:2794-2802	83	95	HL
4Y4O_2A:2819-2827	83	95	HL
6AZ3_5:12-20	83	95	HL
3JCS_5:12-20	83	95	HL
5T5H_H:13-21	83	95	HL
5DH6_A:27-34	84	96	TL
5VPP_QV:33-40	84	96	HL
5VPP_XV:33-40	84	96	HL
5V7Q_A:388-395	84	96	HL
5VPO_XV:32-39	84	96	HL
4V9F_0:1468-1474	85	97	GL
6ERI_BA:566-572	85	97	HL
5J7L_AA:617-623	85	97	HL
6HA1_a:626-632	85	97	HL
4LFB_A:617-623	85	97	HL
5NGM_Aa:625-631	85	97	HL
6AZ3_1:1130-1136	85	97	HL
2AZX_D:532-538	85	97	HL
4V8P_D1:1886-1892	86	98	GL
6CHR_A:447-453	86	98	GL
4AL5_B:10-16	86	98	GL
2XLK_C:10-16	86	98	GL
4V9F_0:1594-1600	86	98	TL
5AN9_N:1238-1244	86	98	HL
1J1U_B:533-539	86	98	HL
4V8P_D1:2714-2720	86	98	HL
5MGP_x:32-38	86	98	HL
4V9F_0:670-676	86	98	HL
5OQL_1:1641-1647	87	99	HL
5T5H_E:52-60	87	99	HL
6BK8_5:54-61	87	99	HL
5WNT_b:31-39	88	100	HL
1FIR_A:31-39	88	100	HL
5WNP_b:31-39	88	100	HL
6MTC_4:31-39	88	100	HL
5EL4_3L:31-39	88	100	HL
5E81_3L:31-39	88	100	HL
5IB8_1L:31-39	88	100	HL
5AOX_C:11-18	89	101	HL
4V8P_D1:2131-2141	90	102	HL
5XY3_1:1651-1661	90	102	HL
5T5H_B:481-491	90	102	HL
5T2A_B:318-328	90	102	HL
5NGM_Aa:1367-1375	91	103	HL
6HA1_a:1366-1374	91	103	HL
5LZS_2:53-61	91	103	HL
5TBW_1:3303-3311	91	103	HL
4V91_1:3303-3311	91	103	HL
2R8S_R:166-174	91	103	HL
6AHU_T:53-61	91	103	HL
5O2R_x:31-39	91	103	HL
3J7P_S2:1658-1666	91	103	HL
6D9J_2:1658-1666	91	103	HL
2ZNI_C:53-61	91	103	TL
4V9F_0:1990-1998	91	103	HL
5SWD_B:31-39	92	104	HL
4XNR_X:31-39	92	104	HL
1Y26_X:31-39	92	104	HL
4V5O_BA:321-329	92	104	HL
4QEI_C:13-22	92	104	HL
3LA5_A:31-39	92	104	HL
4LX6_A:31-39	92	104	HL
3IVN_A:22-30	92	104	HL
5E6M_C:13-22	92	104	HL
3K0J_E:66-73	93	105	GL
6GAW_BA:536-543	93	105	GL
5TBW_1:194-201	93	105	TL
4V8P_D1:194-201	93	105	TL
6ERI_AA:1120-1127	93	105	HL
5V7Q_A:1221-1228	93	105	HL
4V91_1:194-201	93	105	HL
4IOA_X:1103-1110	93	105	HL
1HC8_C:142-149	93	105	HL
6HA1_A:1138-1145	93	105	HL
5O60_A:1210-1217	93	105	HL
5NGM_Aa:471-478	93	105	HL
1S03_B:22-29	93	105	HL
4Y4O_2A:955-962	94	106	GL
4V9F_0:1916-1923	94	106	HL
1MMS_C:1092-1099	94	106	HL
4V9F_0:1196-1203	94	106	HL
3J79_A:135-142	94	106	HL
5J7L_DA:712-719	94	106	HL
6HA1_A:759-766	94	106	HL
5D8H_A:1202-1209	94	106	HL
3NVK_K:9-16	95	107	HL
5NGM_Aa:386-393	95	107	HL
5OOL_A:2107-2114	95	107	HL
4Y4O_2A:641-647	96	108	GL
4IOA_X:1797-1803	96	108	GL
5OPT_E:158-164	96	108	HL
3J7Q_5:1763-1769	96	108	HL
6AZ1_1:159-165	96	108	HL
6AZ3_7:107-113	96	108	HL
3IGI_A:135-141	96	108	HL
3ICQ_E:13-22	97	109	HL
5V93_a:680-689	97	109	HL
4Y4O_2A:2404-2413	97	109	HL
4WFL_A:20-30	97	109	HL
4V4J_2:13-22	97	109	HL
5ZEB_a:669-678	97	109	HL
4IOA_X:2383-2392	97	109	HL
5AXM_P:13-22	97	109	HL
4JXZ_B:912-923	98	110	HL
1QTQ_B:912-923	98	110	HL
4V7M_AY:12-22	98	110	HL
5OQL_1:978-988	98	110	HL
5V7Q_A:715-720	99	111	HL
3W3S_B:15-20.A	99	111	HL
3RG5_B:15-20.A	99	111	HL
3ADD_C:15-20.A	99	111	HL
4ZDO_E:15-20.A	99	111	HL
5J7L_DA:225-230	100	112	HL
6GAW_BA:887-892	100	112	HL
6AZ3_1:67-72	100	112	HL
5T5H_A:68-73	100	112	HL
4V91_1:69-74	100	112	HL
5TBW_1:69-74	100	112	HL
5XXB_1:3222-3236	101	113	HL
5TBW_1:3110-3124	101	113	HL
6D9J_5:4688-4702	101	113	HL
5AN9_N:3446-3460	101	113	HL
6AZ3_4:138-152	101	113	HL
4V91_1:3110-3124	101	113	HL
2NR0_E:12-23	102	114	HL
6HA1_x:12-24	102	114	HL
6D9J_3:12-24	102	114	HL
4WSM_3L:12-24	102	114	HL
5VZL_B:41-47	103	115	HL
5OOL_A:1934-1940	103	115	HL
3JAN_4:10-17	104	116	HL
1E8O_E:110-117	104	116	HL
6FRK_1:10-17	104	116	HL
3Q1Q_B:77-83	105	117	GL
3SIU_F:40-46	105	117	HL
5XJC_F:64-70	105	117	HL
5ZEB_a:1146-1152	105	117	HL
5T5H_B:510-516	105	117	HL
2ZZN_D:32-38	105	117	HL
5V93_a:1157-1163	105	117	HL
5XXB_1:499-502	105	117	HL
6FF4_6:64-70	105	117	HL
6D9J_2:1055-1063	106	118	HL
5KPY_A:59-67	106	118	HL
4FEN_B:59-67	106	118	HL
3J79_A:3063-3071	106	118	HL
1Y27_X:59-67	106	118	HL
4V9F_0:2506-2514	106	118	HL
4IOA_X:966-973	107	119	GL
5L4O_A:32-38	107	119	HL
6AZ3_1:129-136	107	119	HL
3RG5_B:32-38	107	119	HL
5T83_A:57-63	107	119	HL
6GAW_BA:1489-1495	107	119	HL
2ZNI_C:32-38	107	119	HL
6HA1_A:1979-1985	108	120	HL
5V7Q_A:2188-2194	108	120	HL
4Y4O_2A:1950-1956	108	120	HL
5XXB_1:1965-1971	108	120	HL
5J7L_DA:2819-2827	109	121	HL
4V9F_0:2338-2346	109	121	HL
3J7Q_5:1627-1635	109	121	HL
1FIR_A:13-22	110	122	HL
4V92_AZ:6180-6196	110	122	HL
5IMQ_5:13-22	110	122	HL
5AJ0_Bv:13-22	110	122	HL
4YCO_D:13-22	110	122	HL
4WT8_DV:13-22	110	122	HL
4WJ4_B:13-22	110	122	HL
3J7Q_5:290-297	111	123	HL
5V7Q_A:137-144	111	123	HL
5TBW_1:279-286	111	123	HL
5O60_A:134-141	111	123	HL
5TBW_4:69-89	112	124	HL
3J7Q_8:69-89	112	124	HL
4V91_4:69-89	112	124	HL
5XYI_2:1358-1366	113	125	HL
5J7L_DA:2471-2479	113	125	HL
1QF6_B:31-39	113	125	HL
4V5O_BA:515-523	113	125	HL
4V8P_D1:2828-2836	113	125	HL
3D0U_A:90-98	114	126	HL
3DIL_A:93-101	114	126	HL
3J79_A:2513-2518	115	127	GL
6CHR_A:87-92	115	127	GL
1Y0Q_A:21-26	115	127	GL
1Y0Q_A:101-106	115	127	GL
5G2X_A:2458-2463	115	127	HL
5M3H_V:3-8	115	127	HL
5FMZ_H:3-8	115	127	HL
5OOL_A:3081-3086	115	127	HL
4IOA_X:202-207	115	127	HL
4WSB_V:3-8	115	127	HL
5O60_A:3077-3082	115	127	HL
4WRT_V:3-8	115	127	HL
5XXB_1:2333-2338	115	127	HL
4XW1_C:1-6	116	128	HL
5V93_a:1442-1447	116	128	HL
3J7Q_5:1406-1411	116	128	HL
3U4M_B:2143-2148	116	128	HL
4P5J_A:46-54	117	129	TL
4V88_A6:1594-1602	117	129	HL
5AN9_N:3173-3181	117	129	HL
5FLX_z:79-87	117	129	HL
4V5O_BA:1566-1574	117	129	HL
5T5H_B:1284-1292	117	129	HL
6AZ3_2:1153-1161	117	129	HL
5OQL_1:2177-2185	117	129	HL
5T2A_B:1088-1096	117	129	HL
6FYY_2:1592-1600	117	129	HL
5ZEB_a:1339-1348	118	130	HL
3J7Q_5:1364-1373	118	130	HL
4V8P_D1:1488-1496	119	131	TL
5TBW_1:1462-1470	119	131	TL
6AZ1_1:865-873	119	131	HL
5J7L_DA:1065-1073	119	131	HL
4WF9_X:654-662	119	131	HL
4V91_1:1462-1470	119	131	HL
1EVV_A:31-39	119	131	HL
5Y58_X:297-305	119	131	HL
5J7L_AA:1357-1365	119	131	HL
3J79_A:1611-1619	119	131	TL
6AH3_T:31-39	119	131	HL
5XXB_1:1559-1567	119	131	HL
3ZGZ_B:12-23	120	132	HL
4PKD_V:92-103	120	132	HL
6AZ3_1:520-531	120	132	HL
5ZEB_a:321-332	120	132	HL
5XYI_2:324-335	120	132	HL
5V93_a:320-331	120	132	HL
5XXB_1:1820-1826	121	133	HL
5MRC_A:1643-1649	121	133	HL
2D6F_F:932-938	121	133	HL
5V7Q_A:908-914	122	134	HL
5J7L_DA:779-785	122	134	HL
5O60_A:894-900	122	134	HL
4V9F_0:872-878	122	134	HL
6GAW_BA:80-86	122	134	HL
4V9F_0:334-342	123	135	HL
4V8P_D1:216-224	123	135	HL
4KQY_A:94-102	123	135	HL
6HA1_A:371-379	123	135	HL
6DLR_A:61-66	124	136	HL
4WF9_Y:83-88	124	136	HL
5GAN_V:36-41	124	136	HL
5GAP_V:36-41	124	136	HL
6HA1_a:1144-1149	124	136	HL
6AHD_H:52-61	125	137	HL
5XXB_1:1693-1702	125	137	HL
4V8P_D1:1624-1633	125	137	HL
6AZ1_1:1970-1979	125	137	HL
4Y4O_2A:1389-1398	125	137	HL
5J7L_DA:1389-1398	125	137	HL
4V9F_0:1498-1507	125	137	HL
5G2X_A:495-503	126	138	HL
5J7L_DA:327-335	126	138	HL
5T5A_A:21-29	126	138	HL
4M6D_H:30-35	127	139	HL
4M4O_B:30-35	127	139	HL
4V8P_D1:1570-1575	127	139	HL
5XXB_1:1641-1646	127	139	HL
4JRC_B:51-63	128	140	TL
4MGN_A:51-63	128	140	TL
4R4V_A:626-634	129	141	HL
3J7Q_5:1814-1823	129	141	HL
5TC1_R:2043-2050	130	142	HL
4IOA_X:1919-1926	130	142	HL
5J7L_AA:1090-1095	131	143	HL
5NGM_Aa:1101-1106	131	143	HL
4LFB_A:1090-1095	131	143	HL
5V93_a:1081-1086	131	143	HL
4LFB_A:296-301	132	144	GL
5J7L_AA:296-301	132	144	GL
4V5O_BA:1472-1477	132	144	GL
5T5H_B:566-571	132	144	HL
5NGM_Aa:304-309	132	144	HL
3J7Q_5:4646-4651	132	144	HL
5O60_A:1754-1759	132	144	HL
6D9J_5:1389-1394	132	144	HL
6ERI_BA:1465-1470	132	144	HL
5ZEB_a:296-301	132	144	HL
5XYI_2:1309-1314	132	144	HL
6HA1_a:304-309	132	144	HL
3J7R_S5:13-22	133	145	HL
6HCJ_q3:13-22	133	145	HL
4Y4O_2A:712-719	133	145	HL
4WF9_X:1426-1435	134	146	HL
5O60_A:1504-1513	134	146	HL
5XY3_1:1276-1285	134	146	HL
2XD0_W:4-13	134	146	HL
6HA1_A:1428-1437	134	146	HL
5V7Q_A:1520-1529	134	146	HL
3J79_A:1742-1751	134	146	HL
2XDB_G:4-13	134	146	HL
4V91_1:1565-1574	134	146	HL
3PDR_X:68-73	135	147	GL
5MRC_A:265-270	135	147	HL
6D9J_2:1142-1146	135	147	HL
5T5H_A:1250-1263	135	147	HL
5F9R_A:90-95	136	148	GL
4ENC_A:28-33	136	148	GL
4WZJ_XXX:12-17	136	148	GL
5FQ5_A:72-77	136	148	GL
5B2T_A:72-77	136	148	GL
4ZT0_D:72-77	136	148	GL
5X2G_B:32-37	136	148	GL
5F9R_A:41-46	136	148	GL
4V8P_D1:381-386	136	148	GL
3J79_A:1693-1698	136	148	GL
5TBW_1:382-387	136	148	GL
4Y1M_B:55-60	136	148	GL
4IOA_X:622-627	136	148	HL
5MRC_aa:928-933	136	148	HL
6ERI_AA:261-266	136	148	HL
4V91_1:382-387	136	148	HL
5MRC_aa:792-797	136	148	HL
5VZL_B:90-95	136	148	HL
4V5O_BA:1056-1061	136	149	GL
4V88_A6:1084-1089	136	149	GL
4ZT0_D:32-37	136	149	GL
1NBS_B:204-209	136	149	GL
5FQ5_A:32-37	136	149	GL
5FJC_A:49-54	136	149	GL
3J7A_A:1185-1190	136	149	GL
5B2T_A:32-37	136	149	GL
4Y1M_B:81-86	136	149	GL
3J7Q_5:3724-3729	136	149	HL
4Y4O_2A:225-230	136	149	HL
5XYI_2:893-898	136	149	HL
2YGH_A:49-54	136	149	HL
4V91_1:2220-2225	136	149	HL
5TBW_1:2220-2225	136	149	HL
6FYY_2:1083-1088	136	149	HL
6D9J_5:3724-3729	136	149	HL
5HR6_C:31-39	137	150	HL
5HR7_D:31-39	137	150	HL
6D9J_5:3639-3649	138	151	HL
3J7Q_5:3639-3649	138	151	HL
5AN9_N:2402-2412	138	151	HL
5XXB_1:2249-2259	138	151	HL
5J7L_DA:1777-1787	138	151	HL
3J79_A:2428-2438	138	151	HL
5ZEB_a:82-87	139	152	HL
2A64_A:31-36	139	152	HL
6HA1_a:427-432	139	152	HL
3DHS_A:31-36	139	152	HL
4V7M_AY:51-61	140	153	HL
2ZY6_A:12-24	140	153	HL
5TBW_1:640-649	141	154	HL
3J7Q_5:1317-1326	141	154	HL
5T5H_A:769-778	141	154	HL
4WF9_X:59-68	141	154	HL
5XY3_1:415-424	141	154	HL
3ADD_C:53-61	142	155	TL
3RG5_B:53-61	142	155	TL
4FRN_B:56-64	142	155	HL
6GAW_BA:1294-1302	142	155	HL
4FRG_B:58-66	142	155	HL
4ZDO_E:53-61	142	155	HL
5AN9_N:3057-3065	142	155	HL
1IL2_C:953-961	142	155	HL
5XWG_A:8-16	143	156	HL
5XY3_1:2296-2304	143	156	HL
3TUP_T:31-39	143	156	HL
5ZQ8_D:744-753	144	157	HL
5XY3_1:2665-2673	144	157	HL
6DLR_A:82-90	144	157	HL
4Y4O_2A:2304-2312	144	157	HL
5J7L_DA:1281-1289	144	157	TL
3J79_C:111-117	145	158	HL
3J9M_AA:1522-1528	145	158	HL
5MRC_aa:153-159	145	158	HL
5T5H_B:45-51	145	158	HL
4V8P_D1:2908-2914	146	159	HL
6AZ3_2:1359-1365	146	159	HL
5OPT_E:1856-1862	146	159	HL
5XY3_1:2376-2382	146	159	HL
5OOL_A:3038-3044	146	159	HL
5AN9_N:3253-3259	146	159	HL
1QTQ_B:932-938	146	159	HL
3KFU_L:13-22	147	160	HL
6HA1_A:2433-2442	147	160	HL
4WF9_X:2431-2440	147	160	HL
4V91_4:108-114	148	161	HL
5TBW_4:108-114	148	161	HL
5V93_a:608-614	148	161	HL
5ZEB_a:597-603	148	161	HL
5XY3_1:462-468	148	161	HL
6AZ1_1:2014-2022	149	162	HL
5OPT_E:2128-2136	149	162	HL
6D9J_5:2665-2670	150	163	HL
5XYM_B:85-90	150	163	HL
3J7Q_5:2523-2532	151	164	HL
4IOA_X:58-67	151	164	HL
6D9J_5:2523-2532	151	164	HL
4WQ1_3K:12-24	152	165	HL
1H3E_B:12-23	152	165	HL
3RKF_C:59-67	153	166	HL
1H3E_B:31-39	153	166	HL
3J9M_AA:1399-1407	153	166	HL
1B23_R:31-39	153	166	HL
4WF9_X:370-378	153	166	HL
5XJC_H:73-79	154	167	HL
5JTE_AX:32-38	154	167	HL
5O60_A:3040-3048	155	168	HL
6ERI_AA:621-629	155	168	HL
5DE8_A:8-29	156	169	HL
5DEA_C:8-29	156	169	HL
6AZ1_1:564-577	157	170	HL
5OPT_E:569-582	157	170	HL
3J7Q_8:107-112	158	171	HL
3D2V_A:17-22	158	171	HL
4V8P_D1:1594-1599	158	171	HL
5XXB_1:601-609	159	172	HL
6FYY_2:715-723	159	172	HL
3J7P_S2:539-544	160	173	HL
4V88_A6:190-195	160	173	HL
5KK5_B:-11--6	160	173	HL
6D9J_2:539-544	160	173	HL
6D9J_2:1114-1119	161	174	HL
5OPT_E:266-271	161	174	HL
4Y4O_2A:1451-1459	162	175	HL
5O60_A:2579-2586	162	175	HL
6GAW_BA:442-449	162	175	HL
3IGI_A:30-38	163	176	TL
4LFB_A:259-267	163	176	HL
3EPH_E:13-22	163	176	HL
4MGN_B:13-21	163	176	HL
1Y27_X:31-39	163	176	HL
5KPY_A:31-39	163	176	HL
4FEN_B:31-39	163	176	HL
4LCK_B:13-21	163	176	HL
3Q1Q_C:37-42	164	177	GL
6GAZ_AA:160-165	164	177	HL
3J9M_AA:894-899	164	177	HL
5O60_A:157-167	165	178	HL
5V7Q_A:160-170	165	178	HL
2A43_A:6-13	166	179	HL
1L2X_A:7-14	166	179	HL
3DIL_A:41-54	167	180	HL
3D0U_A:38-51	167	180	HL
5NGM_Aa:192-199	168	181	HL
4V9F_0:1793-1799	169	182	GL
4RUM_A:27-33	169	182	HL
4LFB_A:458-474	169	182	HL
3RG5_B:47.C-47.H	170	183	GL
5DH6_A:16-21	170	183	HL
2QUW_B:32-37	170	183	HL
5T5H_G:126-156	170	183	HL
2QUS_A:32-37	170	183	HL
6GSL_1L:13-23	171	184	HL
6ERI_AA:394-404	171	184	HL
5TBW_1:1239-1249	171	184	HL
5O60_A:2251-2260	172	185	HL
6HA1_A:791-800	172	185	HL
4IOA_X:2010-2019	172	185	HL
4WF9_X:789-798	172	185	HL
5V7Q_A:2265-2274	172	185	HL
6GAW_BA:291-300	172	185	HL
5XXB_4:47-56	173	186	HL
6ERI_AA:2223-2232	173	186	HL
5ZEB_a:945-954	173	186	HL
2QUW_B:18-26	174	187	HL
2QUS_A:18-26	174	187	HL
5W1H_B:-19--10	175	188	HL
5WLH_B:-19--10	175	188	HL
4V9F_0:1387-1395	176	189	TL
5V7Q_A:1412-1420	176	189	HL
5O60_A:1396-1404	176	189	HL
5O60_A:2528-2536	176	189	HL
4DR7_W:31-39	176	189	HL
4Y4O_2A:327-335	176	189	HL
4V8P_D1:3263-3271	176	189	HL
3J79_A:3697-3705	176	189	HL
5V7Q_A:2542-2550	176	189	HL
5OOL_A:2828-2840	177	190	HL
5HR6_C:12-22	178	191	HL
2DER_D:13-22	178	191	HL
5HR7_D:13-22	178	191	HL
4PJO_1:17-27	178	191	HL
3IVK_M:1-12	179	192	HL
2A64_A:97-108	179	192	HL
3HHN_E:1-12	179	192	HL
3J7P_S2:288-295	180	193	HL
2Y9H_J:10-17	180	193	HL
4JV5_Y:31-39	181	194	HL
4K0K_Y:31-39	181	194	HL
5MRC_aa:491-498	181	194	HL
5BTP_B:62-72	182	195	HL
5XY3_1:1811-1817	183	196	HL
5MRC_A:286-292	184	197	HL
4V9I_AY:11-24	185	198	HL
6D9J_2:885-901	186	199	HL
4V88_A6:656-674	186	199	HL
5K36_L:2-12	186	199	HL
5OPT_E:322-331	186	199	HL
6HIX_AA:325-336	186	199	HL
5E81_2K:13-23	187	200	HL
1H4S_T:13-22	187	200	HL
5V7Q_B:83-88	188	201	HL
3J7Q_5:1178-1183	188	201	HL
5O60_A:2969-2983	189	202	HL
5V7Q_A:2983-2997	189	202	HL
6HA1_A:2774-2788	189	202	HL
4Y4O_2A:2745-2759	189	202	HL
6ERI_AA:2763-2777	189	202	HL
5J7L_DA:2745-2759	189	202	HL
3J7P_S2:1460-1466	190	203	HL
6D9J_2:1460-1466	190	203	HL
4YYE_C:31-39	191	204	HL
4V88_A6:1056-1063	191	204	HL
3J79_A:3740-3749	191	204	HL
4AOB_A:49-54	192	205	GL
5MRC_A:539-546	192	205	HL
4V5O_BA:1330-1336	192	205	HL
6ERI_AA:1195-1202	192	205	HL
6GAZ_AV:13-19	192	205	HL
5MRC_A:324-332	192	205	HL
6HA1_A:2333-2341	193	206	HL
5XXU_2:330-338	193	206	HL
4IOA_X:2283-2291	193	206	HL
4LFB_A:1357-1365	194	207	HL
4QJH_F:39-48	194	207	HL
6ERI_BA:1306-1315	194	207	HL
1F7U_B:913-922	194	207	HL
3J7Q_5:1436-1448	195	208	HL
6GAW_BA:1238-1243	196	209	HL
6HIX_AA:163-168	196	209	HL
6ERI_BA:789-796	197	210	HL
5T5H_A:1784-1791	197	210	HL
6GAZ_AA:598-605	197	210	HL
3J7A_A:399-410	198	211	TL
5XY3_1:2126-2136	198	211	HL
5OPT_E:440-451	198	211	HL
4WF9_X:427-439	198	211	HL
1NBS_B:96-107	198	211	HL
6ERI_BA:422-432	198	211	HL
6AZ1_1:436-447	198	211	HL
5O60_A:1671-1682	199	212	HL
6HA1_A:159-169	199	212	HL
5G2X_A:31-41	199	212	HL
3DHS_A:69-76	200	213	TL
2A64_A:69-76	200	213	TL
6HA1_A:136-143	200	213	HL
4P5J_A:69-76	200	213	HL
3F2X_X:88-95	200	213	HL
6DN2_Y:88-95	200	213	HL
4V5O_BA:1211-1218	200	213	HL
5C45_Y:88-95	200	213	HL
5XXU_2:1548-1559	201	214	HL
3J7P_S2:1614-1625	201	214	HL
5OPT_E:2083-2094	201	214	HL
3J7A_A:1847-1858	201	214	HL
4YYE_C:13-22	202	215	HL
3MJA_B:6184-6193	202	215	HL
2D6F_F:913-922	202	215	HL
5O60_A:387-394	203	216	HL
5T5H_A:320-327	203	216	HL
6AZ3_1:720-731	204	217	HL
2W2H_R:8-19	204	217	HL
6AZ3_2:791-804	204	217	HL
5J7L_DA:1222-1227	205	218	GL
5XY3_1:1116-1121	205	218	HL
5V7Q_A:1771-1776	205	218	HL
3NDB_M:162-167	205	218	HL
5ZEB_B:83-90	206	219	HL
3J7Q_5:5021-5028	206	219	HL
5O60_A:2173-2181	207	220	HL
4WF9_X:1976-1984	207	220	HL
2BH2_D:1949-1957	207	220	HL
6GSK_3L:31-39	207	220	HL
6ERI_AA:1963-1971	207	220	HL
5J7L_DA:1949-1957	207	220	HL
4IOA_X:1932-1940	207	220	HL
3DHS_A:288-297	208	221	HL
2A64_A:288-297	208	221	HL
5LZS_2:13-22	209	222	HL
6ERI_BA:1081-1090	209	222	HL
5MRC_A:635-644	210	223	HL
6D9J_2:1295-1304	210	223	HL
5TBW_1:1599-1608	210	223	HL
6ERI_AA:1410-1419	210	223	HL
4V91_1:1599-1608	210	223	HL
5XXU_2:1233-1242	210	223	HL
4WF9_X:999-1006	211	224	GL
5XXB_1:197-204	211	224	HL
5XY3_1:172-179	211	224	HL
5V93_a:258-266	212	225	HL
5O60_A:2628-2637	213	226	HL
5OOL_A:2176-2184	214	227	HL
4V91_4:47-56	215	228	HL
387D_A:4-13	215	228	HL
4Y4O_2A:744-753	215	228	HL
4V8P_C2:50-59	215	228	HL
4V5O_BA:1282-1287	216	229	HL
4V88_A6:1310-1315	216	229	HL
6FYY_2:1309-1314	216	229	HL
4V9F_0:252-257	217	230	GL
4Y4O_2A:2701-2706	217	230	HL
4V9F_0:1950-1962	218	231	HL
3J7Q_5:4907-4914	219	232	HL
6DB9_R:23-29	220	233	HL
3IVK_M:59-65	220	233	HL
4KZD_R:37-43	220	233	HL
5OOL_A:1989-1995	220	233	HL
4LFB_A:1314-1323	221	234	TL
4OJI_A:23-32	221	234	HL
4QJD_D:43-52	221	234	HL
3J7Q_5:4193-4201	222	235	HL
4LCK_F:52-64	223	236	TL
6DU5_B:7-21	223	236	HL
5MRC_bb:31-39	224	237	HL
3J7A_A:529-537	224	237	HL
5XY3_1:482-487	225	238	HL
6ERI_AA:1530-1536	225	238	HL
6ERI_AA:2421-2430	226	239	HL
5OOL_A:2690-2699	226	239	HL
5BJO_E:9-18	226	239	HL
6GAW_BA:1022-1031	226	239	HL
2GDI_X:27-33	227	240	HL
4LFB_A:1134-1140	227	240	HL
4QK9_A:72-83	228	241	HL
6HA1_a:973-982	229	242	HL
2ZZM_B:12-23	230	243	HL
5OOL_A:1954-1963	231	244	HL
6AZ1_1:1915-1924	231	244	HL
6GAZ_AA:801-809	232	245	HL
5J7L_DA:2404-2413	232	245	HL
5T83_A:26-30	233	246	HL
5MRC_A:1773-1778	233	246	HL
5TC1_R:2840-2852	234	247	HL
4RMO_B:11-22	234	247	HL
6CHR_A:47-59	234	247	HL
5T5H_B:894-899	235	248	HL
5V93_a:210-217	236	249	HL
3J7Q_5:204-211	236	249	HL
5F5H_C:8-15	236	249	HL
6AZ1_1:291-298	236	249	HL
5F5H_D:8-15	236	249	HL
5T2A_B:1448-1452	237	250	HL
3WQY_C:1633-1637	237	250	HL
5XXU_2:1079-1084	238	251	HL
6ERI_AA:210-215	238	251	HL
5TC1_R:1722-1729	239	252	HL
5BJO_E:21-27	240	253	HL
3J7P_S2:377-386	241	254	HL
2VPL_B:19-26	242	255	HL
3J7Q_5:1252-1258	243	256	HL
4V9F_0:1705-1713	244	257	GL
6ERI_AB:15-23	244	257	HL
4GXY_A:49-57	245	258	TL
5XYI_2:612-620	245	258	HL
5J7L_DA:2304-2312	245	258	HL
5LZS_3:13-22	245	258	HL
5Y85_D:11-19	245	258	HL
6CU1_A:24-32	245	258	HL
5O60_A:246-252	246	259	HL
5V7Q_A:248-254	246	259	HL
5MRC_A:1581-1589	247	260	GL
4WF9_X:2839-2847	247	260	HL
6HA1_A:2844-2852	247	260	HL
4V8P_D1:711-718	247	260	HL
5XXB_1:1434-1455	248	261	HL
3JCS_3:151-169	248	261	HL
3J7P_S2:1108-1124	248	261	HL
5OPT_E:722-738	248	261	HL
4V8P_D1:3202-3209	249	262	HL
6D9J_5:1479-1486	250	263	HL
3J7Q_5:1479-1486	250	263	HL
5NGM_Aa:216-223	251	264	HL
4GCW_B:53-61	252	265	TL
3JBV_W:31-39	252	265	HL
5TPY_A:28-38	253	266	HL
5XXB_1:3388-3396	254	267	HL
6D9J_2:571-579	255	268	HL
5OQL_1:1106-1114	255	268	HL
3Q50_A:5-16	256	269	HL
3AM1_B:18-23	257	270	HL
3R4F_A:25-30	257	270	HL
5TC1_R:904-913	258	271	HL
4V9F_0:55-64	258	271	HL
4V91_1:2535-2544	259	272	HL
5TBW_1:2535-2544	259	272	HL
3J7P_S2:746-795	260	273	HL
5MRC_aa:327-337	261	274	HL
5OQL_1:380-386	262	275	HL
3J7P_S2:819-829	263	276	HL
6ERI_AA:142-152	263	276	HL
5J7L_DA:382-392	263	276	HL
6D9J_2:819-829	263	276	HL
3KTW_C:163-168	264	277	GL
6ERI_Ax:86-91	264	277	HL
1ET4_A:219-226	265	278	HL
6HCJ_33:30-38	265	278	HL
5XYI_2:1203-1211	266	279	HL
5UD5_C:53-61	266	279	HL
4FRN_B:28-36	266	279	TL
5XXU_2:761-769	266	279	HL
5MRC_aa:851-861	267	280	HL
3JBV_W:52-62	267	280	HL
5U3G_B:68-76	268	281	HL
3PDR_X:127-136	269	282	HL
6GAW_BA:1164-1176	270	283	HL
5ZEB_B:34-48	271	284	HL
3JB9_P:122-133	272	285	HL
3EGZ_B:13-23	273	286	HL
6GAW_BB:12-24	274	287	HL
3J79_A:2972-2984	274	287	HL
4PLX_A:47-66	274	287	HL
5MRC_A:3081-3096	274	287	HL
5NWQ_A:20-29	275	288	HL
5J7L_DA:59-68	276	289	HL
6GAW_BA:906-915	276	289	HL
4V9F_0:217-223	277	290	GL
6AHU_A:294-300	277	290	HL
5MRC_A:3135-3143	278	291	HL
3Q1Q_B:29-34	279	292	GL
5LZS_2:32-38	279	292	HL
6GAZ_AA:740-746	279	292	HL
5OQL_1:827-834	280	293	HL
5ZEB_a:1114-1121	280	293	HL
6GAZ_AV:49-56	280	293	HL
4IOA_X:2189-2196	281	294	HL
5XY3_1:2036-2043	281	294	HL
5OOL_A:1722-1729	281	294	HL
4V8P_D1:486-493	282	295	HL
6D9J_5:4210-4222	283	296	HL
3J7Q_5:4210-4222	283	296	HL
5XYI_2:1047-1055	284	297	HL
4V8P_D1:278-285	285	298	HL
2DLC_Y:512-523	286	299	HL
2BTE_B:12-23	286	299	HL
5IT9_i:6183-6193	287	300	HL
1WZ2_D:912-926	288	301	HL
4V8P_D1:2622-2634	289	302	HL
4X62_b:30-40	290	303	HL
5MRC_A:1811-1820	291	304	HL
5MRC_A:2671-2680	291	304	HL
4Y4O_2A:566-575	292	305	TL
5XY3_1:603-612	292	305	HL
1SER_T:12-23	293	306	HL
5J7L_AA:1027-1034	294	307	HL
4V9F_0:623-632	295	308	TL
6HIX_AA:406-414	295	308	HL
5MRC_A:1849-1857	295	308	HL
5XY3_1:355-361	296	309	HL
4UYK_R:21-31	297	310	HL
4XWF_A:50-60	298	311	HL
3HJW_D:23-33	299	312	HL
1B23_R:12-23	299	312	HL
5B63_D:913-923	299	312	HL
1U0B_A:12-23	299	312	HL
3Q3Z_V:31-46	300	313	HL
2Z75_B:47-68	300	313	HL
3G9C_Q:40-60	300	313	HL
4WF9_X:1491-1509	300	313	HL
6D9J_8:68-90	300	313	HL
6GAW_BA:509-519	301	314	HL
5MRC_aa:1382-1391	302	315	HL
4IOA_X:1402-1411	302	315	HL
6AZ3_2:1457-1468	303	316	HL
3J7Q_5:2317-2322	304	317	HL
4PRF_B:119-128	305	318	HL
4PR6_B:119-128	305	318	HL
5OOL_A:2518-2532	306	319	HL
5OOL_A:3177-3192	306	319	HL
3J7Q_5:4689-4701	306	319	HL
4V5O_BA:1522-1533	307	320	TL
4V90_AV:13-22	308	321	HL
5T7V_D:28-42	309	322	HL
6D9J_5:2867-2883	309	322	HL
1KOG_O:82-90	310	323	HL
6D9J_5:4906-4915	311	324	HL
5XY3_1:2087-2099	312	325	HL
5FLX_z:280-283	313	326	HL
6HIX_AA:882-889	314	327	HL
6GSL_3L:31-41	315	328	HL
6HA1_A:1806-1816	316	329	HL
6HIX_AA:429-437	317	330	HL
5XYI_2:870-877	317	330	HL
5V93_a:831-839	318	331	HL
4V9F_0:2068-2077	319	332	HL
3IVN_A:49-59	320	333	HL
5J7L_AA:1134-1140	321	334	HL
3J79_A:3199-3207	322	335	HL
2HVY_E:23-35	323	336	HL
3HAX_E:23-35	323	336	HL
5OOL_A:2613-2619	324	337	HL
5VZL_B:105-109	325	338	HL
5F9R_A:105-109	325	338	HL
4C9D_D:21-25	325	338	HL
4WF9_X:136-143	326	339	HL
3J79_A:286-293	326	339	HL
6AZ1_1:374-382	327	340	HL
5OPT_E:378-386	327	340	HL
4V88_A6:1550-1561	328	341	HL
6FYY_2:1548-1559	328	341	HL
3JBV_W:12-23	329	342	HL
4V5O_BA:1364-1375	330	343	HL
3J7P_S2:414-423	331	344	HL
6FYY_2:1237-1246	331	344	HL
4V88_A6:1238-1247	331	344	HL
4YCP_B:13-22	331	344	HL
1IL2_C:913-922	331	344	HL
5AN9_N:2431-2436	332	345	HL
4WF9_X:228-233	332	345	HL
4IOA_X:2243-2255	333	346	HL
6ERI_AA:942-954	333	346	HL
6E9E_B:5-19	334	347	HL
6E9F_B:5-19	334	347	HL
5D0B_F:33-37	335	348	HL
3J79_A:1876-1882	336	349	HL
4PQV_A:57-63	337	350	HL
6HA1_A:1497-1508	338	351	HL
4V8N_CV:13-24	338	351	HL
6HA1_A:429-439	339	352	HL
5G2X_A:48-59	339	352	HL
6ERI_AA:1092-1102	340	353	HL
5B2P_B:64-68	341	354	HL
5MRC_A:2454-2462	342	355	HL
6DME_A:79-87	342	355	HL
4V9F_0:2389-2399	343	356	HL
5G2X_A:413-421	344	357	HL
6GAZ_AA:89-93	344	357	HL
6GAW_BA:1516-1530	345	358	HL
6GAW_BA:850-864	345	358	HL
5XXB_1:774-780	346	359	HL
4JXZ_B:932-938	346	359	HL
5XYI_2:720-729	347	360	HL
3AMU_B:13-22	348	361	HL
5XYI_2:446-452	349	362	HL
5OOL_B:1613-1622	350	363	HL
6HA1_A:932-938	351	364	HL
6D9J_5:1593-1602	352	365	HL
5J7L_DA:1091-1100	352	365	HL
4Y4O_2A:1091-1100	352	365	HL
2ANN_B:5-21	353	366	HL
6D9J_3:32-40	354	367	HL
6HA1_x:32-40	354	367	HL
4WSM_3L:32-40	354	367	HL
3J7A_A:336-344	354	367	HL
5MRC_A:347-355	355	368	HL
6D3P_A:13-27	356	369	HL
4V8P_D1:3099-3113	356	369	HL
3NKB_B:20-28	357	370	HL
4V8P_D1:1050-1054	358	371	HL
3J7A_7:12-22	359	372	HL
3J9W_AX:13-22	359	372	HL
5OPT_E:1705-1716	359	372	HL
3A2K_C:13-23	359	372	HL
4Y4O_2A:2471-2479	360	373	HL
3Q1Q_B:165-173	361	374	HL
1U9S_A:181-189	361	374	HL
3J79_A:224-232	361	374	HL
6ERI_AA:2321-2329	361	374	HL
5G2X_A:236-252	362	375	HL
6DU4_B:7-23	362	375	HL
4V8P_C2:72-90	362	375	HL
5MRC_aa:753-765	363	376	HL
6ERI_BA:74-82	364	377	HL
4V9F_0:2780-2794	365	378	HL
3J79_A:3494-3509	365	378	HL
5XY3_1:2561-2576	365	378	HL
4V9F_0:837-846	366	379	HL
4GCW_B:11-24	367	380	HL
5WTI_B:84-91	368	381	HL
5WTI_B:12-18	369	382	HL
4Y4O_2A:884-892	370	383	HL
5O7H_A:32-38	371	384	HL
4V9F_0:195-201	371	384	HL
6GAW_BA:1198-1205	372	385	HL
4ZNP_A:58-68	373	386	HL
4RUM_A:69-78	374	387	HL
4WFL_A:42-54	375	388	HL
1C0A_B:613-622	376	389	HL
4IOA_X:1466-1476	376	389	HL
5JTE_AX:13-22	376	389	HL
6HD7_B:13-22	376	389	HL
4RDX_C:30-40	376	389	HL
3J7P_S2:569-581	377	390	HL
6HA1_A:1109-1122	378	391	HL
3J9M_AA:702-707	379	392	HL
4V9F_0:1275-1281	380	393	HL
6G90_1:25-36	381	394	HL
4IOA_X:1768-1778	382	395	HL
3J7Q_5:230-238	383	396	HL
6I0Y_V:31-39	383	396	HL
6D9J_5:230-238	383	396	HL
5ZEB_a:259-267	383	396	HL
6ERI_AA:1470-1481	384	397	HL
1U6B_B:70-75	385	398	HL
5XYI_2:182-194	386	399	HL
5T7V_D:52-62	387	400	HL
4Y4O_2A:59-68	387	400	HL
6AZ3_1:1651-1658	388	401	HL
4V8P_C2:122-129	389	402	HL
6GAZ_AA:343-350	389	402	HL
6GAW_BA:270-277	389	402	HL
1EC6_C:5-16	390	403	HL
5MRC_A:2737-2745	391	404	HL
4UYK_R:44-57	392	405	HL
5AN9_N:2966-2978	393	406	HL
6HIX_AA:823-830	394	407	HL
5XXU_2:1591-1601	395	408	HL
5XXB_4:69-89	396	409	HL
4WF9_X:157-171	396	409	HL
5OPT_E:2025-2042	396	409	HL
5XXU_2:520-530	397	410	HL
5O60_A:283-303	398	411	HL
4Y4O_2A:305-312	399	412	TL
