Motif location (FASTA)	Cluster ID	Subcluster ID	Family label
4Y4O_2A:288-290_350-353	0	0	IL
5ZEB_a:1423-1426_1443-1445	0	0	IL
6CK5_A:80-82_94-97	0	0	IL
4LFB_A:774-778_804-805	0	0	TR
6HA1_a:783-787_813-814	0	0	IL
4PMI_A:47-49_70-73	0	0	IL
6HA1_A:2110-2112_2265-2268	0	0	IL
4WF9_X:2108-2110_2263-2266	0	0	IL
6AZ3_2:669-671_1032-1035	0	0	IL
6D9J_5:2543-2547_2772-2773	0	0	IL
2XXA_F:19-21_78-81	0	0	IL
4IOA_X:2064-2066_2215-2218	0	0	IL
5T5H_B:769-771_1163-1166	0	0	IL
5ZEB_B:30-31_51-54	0	0	IL
5T2A_B:606-608_967-970	0	0	IL
5OPT_E:2203-2205_2247-2248	1	1	IL
4V8P_D1:470-472_506-507	1	1	IL
3F2X_X:13-15_27-28	1	1	IL
5J7L_DA:738-740_757-758	1	1	IL
5ML7_B:2177-2179_2201-2202	1	1	IL
4LFB_A:1260-1262_1273-1274	1	1	IL
5O60_A:2274-2276_2841-2842	1	1	IL
4WF9_X:783-785_802-803	1	1	IL
6HA1_A:785-787_804-805	1	1	IL
5OPT_E:982-983_1183-1185	1	1	IL
6GAW_BA:1277-1278_1319-1321	1	1	IL
4Y4O_2A:2050-2052_2617-2618	1	1	IL
6HA1_A:2079-2081_2646-2647	1	1	IL
4WF9_X:2077-2079_2644-2645	1	1	IL
6ERI_AA:749-751_768-769	1	1	IL
6AZ1_1:2089-2091_2132-2133	1	1	IL
6GAZ_AA:78-79_103-105	1	1	IL
5O60_A:853-855_872-873	1	1	IL
4IOA_X:2033-2035_2596-2597	1	1	IL
6DN2_X:13-15_27-28	1	1	IL
6D9J_2:1264-1266_1516-1517	1	1	IL
5OOL_A:2941-2942_2983-2985	1	1	IL
5MRC_A:2668-2670_2681-2682	1	1	IL
3J7P_S2:1337-1338_1488-1490	1	1	IL
4LFB_A:953-954_1226-1228	1	2	IL
5O60_A:2678-2679_2720-2722	1	2	IL
6FYY_2:1177-1178_1457-1459	1	2	IL
4V5O_BA:1150-1151_1430-1432	1	2	IL
5XYI_2:986-987_1269-1271	1	2	IL
5J7L_AA:953-954_1226-1228	1	2	IL
4Y4O_2A:2454-2455_2496-2498	1	2	IL
4WF9_X:2481-2482_2523-2525	1	2	IL
6ERI_BA:903-904_1175-1177	1	2	IL
6HA1_A:2483-2484_2525-2527	1	2	IL
4V88_A6:1178-1179_1459-1461	1	2	IL
5J7L_DA:2454-2455_2496-2498	1	2	IL
6AZ1_1:1530-1531_1860-1862	1	2	IL
5V7Q_A:2692-2693_2734-2736	1	2	IL
6HA1_a:963-964_1235-1237	1	2	IL
5MRC_A:2720-2721_2762-2764	1	2	IL
5FLX_z:255-261_272-277	2	3	IL
5V7Q_A:1921-1926_1931-1937	2	3	IL
4V9F_0:1521-1529_1662-1665	2	3	IL
5O60_A:1904-1909_1914-1920	2	3	IL
4WF9_X:1730-1735_1740-1746	2	3	IL
6ERI_AA:1722-1727_1732-1738	2	3	IL
5J7L_DA:1686-1691_1696-1702	2	3	IL
4Y4O_2A:1526-1529_1540-1546	2	3	IL
4Y4O_2A:1686-1691_1696-1702	2	3	IL
6HA1_A:1731-1736_1741-1747	2	3	IL
4WF9_X:1891-1894_1901-1905	3	4	HT
6FYY_2:1387-1389_1405-1410	3	4	IL
5XXU_2:1385-1387_1403-1408	3	4	IL
4V88_A6:1389-1391_1407-1412	3	4	IL
2ZY6_A:7-10_25-29	3	4	IL
4Y4O_2A:1202-1206_1240-1243	3	4	IL
5J7L_DA:1864-1867_1874-1878	3	4	TS
4WF9_X:1511-1514_1566-1570	3	4	IL
3J7A_A:58-63_89-91	3	4	IL
5O60_A:1653-1656_1777-1781	3	4	IL
4V5O_BA:1359-1361_1378-1383	3	4	IL
6HA1_A:1515-1518_1567-1571	3	4	IL
6HA1_A:1893-1896_1903-1907	3	4	IL
5XXU_2:987-991_1007-1011	4	5	IL
4YAZ_R:16-20_35-39	4	5	EL
6D9J_2:1047-1051_1067-1071	4	5	IL
5V93_a:770-774_790-794	4	5	IL
6HA1_a:788-792_808-812	4	5	IL
5T83_A:69-75_87-89	4	5	IL
4V88_A6:990-994_1010-1014	4	5	EL
4V9F_0:663-667_679-683	4	5	EL
6FYY_2:549-556_586-587	4	5	IL
5GAH_1:45-49_60-64	4	5	IL
3LQX_B:146-150_161-165	4	5	IL
5U3G_B:6-9_30-35	4	5	IL
5ZEB_a:759-763_779-783	4	5	IL
1DUH_A:45-49_60-64	4	5	IL
3J7P_S2:1047-1051_1067-1071	4	5	IL
3J7A_A:557-564_594-595	4	5	RS
4V5O_BA:543-550_581-582	4	5	RS
4V88_A6:550-557_587-588	4	5	RS
5XXB_1:1597-1602_1610-1613	4	5	IL
4ENC_A:13-24_37-42	5	6	IL
6AZ3_2:523-534_550-553	5	6	IL
6D9J_5:3781-3793_3807-3811	5	6	IL
4V8P_D1:2272-2283_2299-2302	5	6	IL
5AN9_N:2543-2554_2570-2573	5	6	IL
4V91_1:2277-2288_2304-2307	5	6	IL
5T5H_B:623-634_650-653	5	6	IL
5T2A_B:460-471_487-490	5	6	IL
5TBW_1:2277-2288_2304-2307	5	6	IL
3J79_A:2570-2581_2597-2600	5	6	IL
5ZEB_a:145-150_165-171	6	7	IL
6FRK_1:117-122_228-234	6	7	IL
5V93_a:144-149_164-170	6	7	IL
3J79_A:82-89_97-103	6	7	SR
5MRC_aa:617-626_653-655	6	7	IL
5MRC_A:228-233_242-248	6	7	SR
6FYY_2:118-122_294-297	7	8	IL
6DLR_A:16-19_43-44	7	8	IL
5T83_A:16-19_40-41	7	8	TR
5U3G_B:10-13_28-29	7	8	TR
5OQL_1:704-707_880-882	7	8	IL
3J9M_AA:1388-1392_1414-1418	8	9	IL
5J7L_DA:1417-1421_1577-1581	8	9	HT
3GS5_A:4-8_19-23	8	9	IL
4WF9_X:1042-1046_1197-1201	8	9	HT
4Y4O_2A:998-1002_1153-1157	8	9	HT
4Y4O_2A:1351-1355_1376-1380	8	9	HT
5V7Q_A:1579-1583_1621-1625	8	9	IL
4V9F_0:952-956_1011-1015	8	9	CL
5T83_A:12-15_42-47	8	9	IL
5J7L_AA:779-783_799-803	8	9	EL
4IOA_X:1009-1013_1164-1168	8	9	HT
4Y4O_2A:1851-1855_1887-1891	8	9	IL
6AZ1_1:599-606_636-637	8	9	IL
6ERI_AA:1861-1865_1901-1905	8	9	IL
4LFB_A:779-783_799-803	8	9	EL
4V5O_BA:968-972_988-992	8	9	EL
5OPT_E:604-611_641-642	8	9	IL
2XXA_F:40-44_55-59	8	9	IL
6HA1_A:1044-1048_1199-1203	8	9	IL
5O60_A:1116-1120_1272-1276	8	9	IL
5O60_A:1563-1567_1604-1608	8	9	IL
3J79_A:3440-3444_3469-3473	8	9	IL
5J7L_DA:998-1002_1153-1157	8	9	HT
5NGM_Aa:787-791_807-811	8	9	IL
6ERI_AA:1026-1030_1180-1184	8	9	IL
5V7Q_A:1127-1131_1283-1287	8	9	IL
5XXU_2:389-391_406-408	9	10	IL
1KUQ_B:18-19_50-53	9	10	IL
6ERI_AA:2539-2540_2557-2560	9	10	IL
4V9F_0:245-248_265-266	9	10	IL
4V9F_0:2557-2558_2575-2578	9	10	IL
4LFB_A:654-655_751-754	9	10	IL
5T5H_A:120-123_149-150	9	10	IL
3J7P_S2:437-439_454-456	9	10	IL
5O60_A:2746-2747_2764-2767	9	10	IL
4WF9_X:2549-2550_2567-2570	9	10	IL
3J7A_A:395-397_412-414	9	10	IL
4PDB_I:10-13_28-29	9	10	IL
6D9J_2:437-439_454-456	9	10	IL
5J7L_AA:654-655_751-754	9	10	IL
4Y4O_2A:2522-2523_2540-2543	9	10	IL
4IOA_X:2501-2502_2519-2522	9	10	IL
6AZ1_1:432-434_449-451	9	10	IL
5OPT_E:436-438_453-455	9	10	IL
6D9J_5:3710-3713_3740-3741	9	10	IL
4V8P_D1:2202-2205_2230-2231	9	10	IL
6FYY_2:388-390_405-407	9	10	IL
6AZ3_1:119-122_148-149	9	10	IL
3MXH_R:12-13_94-97	9	10	IL
6HA1_A:2551-2552_2569-2572	9	10	IL
6HA1_A:305-306_410-413	9	10	IL
6HA1_a:663-664_760-763	9	10	IL
5MRC_aa:717-718_816-819	9	10	IL
6DME_A:16-19_37-38	9	10	IL
4V88_A6:1688-1690_1711-1713	9	10	IL
4V88_A6:389-391_406-408	9	10	IL
5NGM_Aa:662-663_759-762	9	10	IL
5J7L_DA:2522-2523_2540-2543	9	10	IL
5ZEB_a:634-635_731-734	9	10	IL
3J79_A:2499-2502_2529-2530	9	10	IL
5OQL_1:734-736_746-748	9	10	IL
5OQL_1:973-975_990-992	9	10	IL
5T2A_B:81-84_519-520	9	11	IL
5XXB_1:2001-2004_2449-2450	9	11	IL
3J7Q_5:2847-2850_3840-3841	9	11	IL
5V7Q_A:1901-1904_2231-2232	9	11	IL
4V9F_0:1744-1747_2034-2035	9	11	IL
5MRC_A:1618-1621_1893-1894	9	11	IL
5OOL_A:2470-2473_2656-2657	9	11	IL
5O60_A:1884-1887_2217-2218	9	11	IL
4WF9_X:1710-1713_2020-2021	9	11	IL
6AZ3_2:82-85_582-583	9	11	IL
6GAW_BA:801-804_988-989	9	11	IL
6ERI_AA:1702-1705_2007-2008	9	11	IL
5XY3_1:1563-1566_1854-1855	9	11	IL
5J7L_DA:1666-1669_1993-1994	9	11	IL
4Y4O_2A:1666-1669_1993-1994	9	11	IL
4V8P_D1:1922-1925_2331-2332	9	11	IL
4IOA_X:1683-1686_1976-1977	9	11	IL
4V91_1:1898-1901_2336-2337	9	11	IL
5T5H_B:82-85_682-683	9	11	IL
6HA1_A:1711-1714_2022-2023	9	11	IL
5TBW_1:1898-1901_2336-2337	9	11	IL
3J79_A:2166-2169_2629-2630	9	11	IL
5XXU_2:820-825_841-846	10	12	IL
6ERI_AA:223-230_238-244	10	12	IL
5V7Q_A:190-195_204-210	10	12	IL
5O60_A:187-192_201-207	10	12	IL
5V7Q_A:2874-2878_3012-3020	10	12	IL
6HA1_A:1455-1462_1629-1632	10	12	IL
3J79_A:924-928_1050-1057	10	12	IL
5V93_a:675-679_690-697	10	12	IL
5ZEB_a:409-416_427-433	10	12	IL
5ZEB_a:664-668_679-686	10	12	IL
6ERI_AA:2084-2085_2455-2458	11	13	IL
4V8P_D1:3281-3282_3338-3340	11	13	IL
6D9J_5:1753-1756_1776-1777	11	13	IL
5OQL_1:1102-1104_1116-1117	11	13	IL
5OOL_A:2467-2469_2658-2660	11	13	IL
5O60_A:1881-1883_2219-2221	11	13	IL
4WF9_X:1707-1709_2022-2024	11	13	IL
6GAW_BA:798-800_990-992	11	13	IL
3PDR_X:33-35_150-151	11	13	IL
6ERI_AA:872-873_922-924	11	13	IL
5J7L_DA:2070-2071_2438-2441	11	13	IL
4IOA_X:1005-1007_1170-1171	11	13	IL
4IOA_X:1680-1682_1978-1980	11	13	IL
6FYY_2:517-519_531-532	11	13	IL
6AHU_A:14-15_327-329	11	13	IL
6D9J_2:117-119_345-346	11	13	IL
4V88_A6:518-520_532-533	11	13	IL
6HA1_A:1708-1710_2024-2026	11	13	IL
4LFB_A:515-521_528-536	12	14	KT
5XY3_1:1672-1677_1690-1697	12	14	IL
5J7L_AA:515-521_528-536	12	14	KT
6HA1_a:524-530_537-545	12	14	IL
5V93_a:506-512_519-527	12	14	IL
5NGM_Aa:523-529_536-544	12	14	IL
5ZEB_a:495-501_508-516	12	14	IL
5NGM_Aa:447-449_501-506	13	15	IL
5XYI_2:538-544_913-914	13	15	IL
6D9J_2:665-671_1161-1162	13	15	IL
5J7L_DA:1437-1440_1551-1555	13	15	IL
6GAW_BA:216-219_226-230	13	15	IL
6FYY_2:615-621_1103-1104	13	15	IL
5MRC_aa:678-684_945-946	13	15	IL
6CHR_A:164-167_306-310	13	15	TR
4V91_1:32-37_46-52	14	16	IL
4V88_A6:144-149_165-171	14	16	IL
5TBW_1:32-37_46-52	14	16	SR
5OPT_E:1678-1681_1965-1969	15	17	IL
6D9J_2:189-193_207-210	15	17	IL
5XY3_1:2508-2511_2535-2539	15	17	IL
3AGV_S:4-9_18-20	15	17	IL
4WF9_X:1461-1465_1624-1627	15	17	TS
5O60_A:1638-1642_1797-1800	15	17	IL
6ERI_BA:49-54_331-333	15	17	IL
4V5O_BA:354-356_367-372	15	17	IL
5ZEB_a:51-56_359-361	15	17	IL
6ERI_AA:1458-1461_1585-1589	15	17	IL
4V8P_D1:1222-1232_1326-1340	16	18	rKT
4V91_1:1195-1205_1299-1313	16	18	IL
6AZ3_3:28-36_187-203	16	18	IL
6ASO_I:39-59_88-92	16	18	IL
4N0T_B:39-59_88-92	16	18	IL
5AN9_N:1430-1440_1534-1548	16	18	IL
5AN9_N:2472-2482_2495-2503	16	18	IL
6GAZ_AA:306-321_389-396	16	18	IL
5XY3_1:918-928_1022-1036	16	18	IL
5TBW_1:1195-1205_1299-1313	16	18	rKT
4Y4O_2A:877-879_898-899	17	19	IL
1S03_B:16-17_34-36	17	19	IL
5OPT_E:2202-2203_2248-2250	17	19	IL
4V9F_0:2489-2490_2531-2533	17	19	IL
1S03_A:16-17_34-36	17	19	IL
5OOL_A:2955-2957_2967-2968	17	19	IL
6GAW_BA:1194-1196_1207-1208	17	19	IL
5MRC_A:1950-1952_2884-2885	17	19	IL
3J9M_AA:1208-1209_1355-1357	17	19	IL
6DZP_B:3-5_113-114	17	19	IL
5J7L_DA:2050-2052_2617-2618	17	19	IL
6AZ1_1:2088-2089_2133-2135	17	19	IL
4OQU_A:29-30_42-44	17	19	IL
6GAZ_AA:559-560_710-712	17	19	IL
3J7P_S2:1203-1204_1694-1696	17	19	IL
6D9J_8:64-65_93-95	17	19	IL
6DZI_B:3-5_113-114	17	19	IL
5XXU_2:50-52_428-429	17	20	IL
3J7A_A:50-52_434-435	17	20	IL
4LFB_A:54-56_356-357	17	20	IL
5XYI_2:48-50_359-360	17	20	IL
6D9J_2:49-51_476-477	17	20	IL
5J7L_AA:54-56_356-357	17	20	IL
3J9M_AA:694-696_819-820	17	20	IL
6AZ1_1:50-52_471-472	17	20	IL
5OPT_E:50-52_475-476	17	20	IL
6FYY_2:50-52_427-428	17	20	IL
6GAZ_AA:48-50_175-176	17	20	IL
6HA1_a:56-58_364-365	17	20	IL
6ERI_BA:56-58_328-329	17	20	IL
5MRC_aa:61-63_360-361	17	20	IL
5V93_a:57-59_355-356	17	20	IL
4V88_A6:50-52_428-429	17	20	IL
4V5O_BA:49-51_420-421	17	20	IL
5ZEB_a:58-60_356-357	17	20	IL
6ERI_AA:2367-2370_2381-2384	18	21	IL
5V7Q_B:22-27_58-59	18	21	IL
5XYM_B:24-29_60-61	18	21	IL
4V88_A6:186-189_196-199	18	21	TS
4V8P_D1:162-165_254-257	18	21	TS
4V9F_0:2331-2333_2351-2355	18	21	IL
6ERI_AA:1487-1490_1554-1557	18	21	IL
6DZP_B:24-29_60-61	18	21	IL
6ERI_AA:1866-1869_1897-1900	18	21	IL
3P49_A:109-113_142-144	18	21	IL
5V7Q_A:2588-2591_2602-2605	18	21	IL
4GXY_A:105-107_122-126	18	21	IL
3OXE_A:31-35_70-72	18	21	IL
5WTI_B:1-5_25-27	18	21	IL
6DZI_B:24-29_60-61	18	21	IL
6FYY_2:185-188_195-198	18	21	IL
5OQL_1:88-91_116-119	18	21	IL
5XXU_2:626-630_965-969	19	22	IL
3J7P_S2:41-47_479-481	19	22	IL
4Y4O_2A:1417-1421_1577-1581	19	22	HT
3J7Q_5:2894-2897_3602-3607	19	22	IL
3J7A_A:42-48_437-439	19	22	IL
5XYI_2:549-553_788-792	19	22	IL
5XXU_2:1538-1542_1565-1569	19	22	IL
6AZ1_1:676-680_1215-1219	19	22	IL
4V5O_BA:621-625_946-950	19	22	EL
4V88_A6:627-631_968-972	19	22	EL
4V8P_D1:3189-3193_3217-3221	19	22	EL
5OPT_E:681-685_1303-1307	19	22	IL
5V7Q_A:2925-2929_2956-2960	19	22	IL
6FYY_2:626-630_967-971	19	22	IL
3J7A_A:634-638_1037-1041	19	22	EL
3J7P_S2:676-680_1025-1029	19	22	EL
6DLR_A:12-15_45-50	19	22	IL
6D9J_2:1281-1287_1314-1316	19	22	IL
4V88_A6:1540-1544_1567-1571	19	22	IL
4V88_A6:42-48_431-433	19	22	IL
6FYY_2:1538-1542_1565-1569	19	22	IL
6FYY_2:1684-1688_1709-1713	19	22	IL
5T5H_G:71-75_115-118	20	23	IL
3J9M_AA:1186-1190_1464-1468	20	23	IL
6AZ3_4:75-79_119-122	20	23	IL
4V91_3:32-36_41-45	20	23	IL
5TBW_AS:32-36_41-45	20	23	IL
5V7Q_A:803-807_928-935	21	24	IL
5Y7M_D:17-24_29-33	21	24	IL
4V8P_D1:1414-1421_1441-1445	21	24	KT
5J7L_AA:450-455_477-483	21	24	IL
5O60_A:789-793_914-921	21	24	IL
5NGM_Aa:692-696_707-714	21	24	IL
5J7L_DB:71-79_97-105	22	25	IL
5FDV_1B:71-79_98-106	22	25	IL
6HA1_B:69-77_95-103	22	25	IL
3J7Q_5:4239-4243_4267-4285	23	26	IL
4Y4O_2A:1024-1030_1124-1140	23	26	rKT
6HA1_A:1070-1076_1170-1186	23	26	IL
4WF9_X:1068-1074_1168-1184	23	26	IL
6ERI_AA:1052-1058_1152-1167	23	26	IL
6D9J_5:1522-1526_1648-1655	24	27	IL
4V8P_D1:830-834_956-963	24	27	SR
6CHR_A:429-434_491-497	24	27	IL
3J7Q_5:2867-2872_2877-2883	24	27	IL
3J7Q_5:2358-2364_3858-3863	24	27	IL
5OOL_A:1906-1910_2009-2016	24	27	IL
5XXB_1:895-899_1021-1028	24	27	IL
5TBW_1:1388-1395_1415-1419	24	27	KT
6GAW_BA:242-246_346-353	24	27	IL
4V91_1:1388-1395_1415-1419	24	27	IL
4V91_1:1444-1450_2354-2359	24	27	IL
4LFB_A:684-688_699-706	24	27	KT
6D9J_5:2358-2364_3858-3863	24	27	IL
4V8P_D1:1942-1947_1952-1958	24	27	IL
3J7Q_5:1522-1526_1648-1655	24	27	SR
4V91_1:1918-1923_1928-1934	24	27	IL
4V91_1:805-809_931-938	24	27	IL
6AZ3_1:856-860_982-989	24	27	IL
5TBW_1:805-809_931-938	24	27	IL
5T5H_A:972-976_1098-1105	24	27	IL
5TBW_1:1918-1923_1928-1934	24	27	IL
5TBW_1:1444-1450_2354-2359	24	27	SR
5XXB_1:1541-1547_2467-2472	24	27	IL
4V8P_D1:1470-1476_2349-2354	24	28	SR
5ML7_B:2151-2161_2223-2224	24	28	IL
5ZEB_a:242-247_277-284	24	28	IL
3J7Q_5:3896-3902_4558-4564	24	28	IL
5V93_a:241-246_276-283	24	28	IL
4C4W_H:3-7_26-33	24	28	KT
5XY3_3:72-78_98-103	24	28	IL
5XY3_4:70-73_81-89	24	28	IL
3J7P_S2:1604-1610_1629-1635	24	28	IL
5OPT_E:1579-1586_1597-1602	25	29	IL
6ERI_AA:685-689_810-817	25	29	IL
4LFB_A:887-894_905-910	25	29	SR
6HA1_a:897-904_915-920	25	29	IL
6ERI_BA:837-844_855-860	25	29	IL
6HA1_A:241-248_256-262	25	29	IL
4IOA_X:715-721_736-743	25	29	IL
6AZ1_1:1463-1470_1481-1486	25	29	IL
4Y4O_2A:1043-1051_1108-1112	25	29	IL
3IGI_A:296-303_316-321	25	29	SR
6AZ3_1:81-88_96-101	25	29	IL
5NGM_Aa:896-903_914-919	25	29	IL
5J7L_DA:239-245_253-258	25	29	SR
6ERI_AA:1071-1079_1136-1140	25	29	IL
6AZ3_1:1027-1033_1158-1162	26	30	IL
4V9F_0:21-26_517-522	26	30	EL
6ERI_AA:867-872_924-929	26	30	IL
5XY3_1:1102-1109_1128-1132	26	30	IL
3J79_A:1536-1543_1563-1567	26	30	KT
6ERI_AA:2484-2487_2497-2500	27	31	IL
5O60_A:2691-2694_2704-2707	27	31	IL
6AZ3_2:1275-1278_1288-1291	27	31	IL
4V8P_D1:2824-2827_2837-2840	27	31	TS
5J7L_AA:1259-1262_1273-1276	27	31	IL
4WF9_X:2494-2497_2507-2510	27	31	EL
5V7Q_A:2705-2708_2718-2721	27	31	IL
5J7L_DA:2467-2470_2480-2483	27	31	TS
6HA1_A:2496-2499_2509-2512	27	31	IL
4V9F_0:2502-2505_2515-2518	27	31	TS
3NPQ_A:16-18_27-31	27	31	IL
3J7P_S2:1453-1455_1471-1475	27	31	IL
6ERI_AA:1340-1344_1352-1354	27	31	IL
6BK8_i:622-624_1004-1007	28	32	IL
4V8P_D1:3092-3096_3116-3120	28	32	HT
4V91_1:3103-3107_3127-3131	28	32	IL
5TBW_1:1167-1170_1329-1332	28	32	IL
3J7Q_5:4681-4685_4705-4709	28	32	HT
6ELZ_6:30-34_45-48	28	32	IL
5XXB_1:3215-3219_3239-3243	28	32	IL
5TBW_1:3103-3107_3127-3131	28	32	HT
6D9J_5:1733-1737_1792-1796	29	33	IL
5Y7M_D:8-11_39-44	29	33	IL
5O60_A:2081-2084_2098-2102	29	33	IL
3PDR_X:60-64_77-81	29	33	IL
5V7Q_A:2098-2101_2112-2116	29	33	IL
4V8P_D1:167-171_248-252	29	33	IL
5MRC_aa:1371-1375_1398-1402	29	33	IL
4V8P_C3:72-78_98-103	30	34	SR
5V93_a:369-375_386-390	30	34	IL
5T5H_D:72-78_98-103	30	34	IL
4IOA_X:165-170_179-185	30	34	SR
4IOA_X:216-222_230-235	30	34	SR
5XXB_1:593-598_612-618	30	34	IL
5O60_A:1136-1142_1258-1263	30	34	IL
4Y4O_2A:188-193_202-208	30	34	SR
6AZ3_8:74-80_100-105	30	34	IL
5V7Q_A:1147-1153_1269-1274	30	34	IL
5V93_a:1395-1398_1489-1493	31	35	IL
5OOL_A:2339-2343_2423-2426	31	35	IL
4IOA_X:871-875_927-931	32	36	CL
4IOA_X:616-620_629-633	32	36	EL
5OPT_E:1325-1329_1345-1349	32	36	IL
6ERI_AA:616-620_630-634	32	36	IL
4LFB_A:1303-1307_1330-1334	32	36	IL
5ZEB_a:1285-1289_1312-1316	32	36	IL
6HA1_a:1312-1316_1339-1343	32	36	IL
6HA1_A:905-909_962-966	32	36	IL
5NGM_Aa:1313-1317_1340-1344	32	36	IL
3J7A_A:1837-1841_1864-1868	32	36	IL
4Y4O_2A:858-862_915-919	32	36	CL
5V93_a:1295-1299_1322-1326	32	36	IL
5J7L_DA:606-610_618-622	32	36	EL
5J7L_AA:1303-1307_1330-1334	32	36	IL
4Y4O_2A:1357-1361_1370-1374	32	36	EL
4Y4O_2A:606-610_618-622	32	36	EL
6AZ1_1:1237-1241_1257-1261	32	36	IL
4V8P_D1:782-786_794-798	32	36	IL
6HA1_A:650-654_664-668	32	36	IL
5XYI_2:1347-1351_1373-1377	32	36	IL
6ERI_BA:1252-1256_1279-1283	32	36	IL
6D9J_2:1604-1608_1631-1635	32	36	IL
4V5O_BA:1512-1516_1539-1543	32	36	IL
6D9J_5:1739-1744_1786-1789	33	37	IL
4V91_1:3004-3007_3139-3144	33	37	IL
5NGM_Aa:1269-1273_1282-1286	33	37	IL
4V8P_D1:1025-1030_1072-1075	33	37	CL
3J7Q_5:1739-1744_1786-1789	33	37	IL
5TBW_1:999-1004_1046-1049	33	37	CL
5NWQ_A:18-20_29-35	33	37	IL
4V91_1:999-1004_1046-1049	33	37	IL
5TBW_1:3004-3007_3139-3144	33	37	IL
5XXB_1:1088-1093_1135-1138	33	37	IL
3J7P_S2:1717-1720_1813-1816	34	38	IL
5OPT_E:2187-2190_2262-2265	34	38	IL
3IGI_A:158-161_216-219	34	38	IL
4V91_1:3342-3345_3360-3363	34	38	IL
5XYI_2:1459-1462_1524-1527	34	38	IL
4V88_A6:1653-1656_1744-1747	34	38	TS
4V8P_D1:3300-3303_3316-3319	34	38	TS
5XXB_1:850-853_859-862	34	38	IL
5XXU_2:1651-1654_1735-1738	34	38	IL
6D9J_2:1733-1736_1798-1801	34	38	IL
6AZ1_1:2073-2076_2147-2150	34	38	IL
3J7Q_5:5014-5017_5032-5035	34	38	IL
5AOX_C:58-61_105-108	34	38	TS
5BTP_B:12-15_41-44	34	38	TS
5XXB_1:3425-3428_3441-3444	34	38	IL
5TBW_1:3342-3345_3360-3363	34	38	IL
3J7P_S2:1733-1736_1798-1801	34	38	TS
6D9J_2:1717-1720_1813-1816	34	38	IL
6FYY_2:1651-1654_1742-1745	34	38	IL
6D9J_5:5014-5017_5032-5035	34	38	IL
5OPT_E:1744-1746_1945-1951	35	39	IL
5J7L_DA:2687-2691_2718-2722	35	39	IL
6FYY_2:1275-1277_1428-1434	35	39	IL
4V5O_BA:1248-1250_1401-1407	35	39	IL
4V88_A6:1276-1278_1430-1436	35	39	IL
6AZ1_1:1628-1630_1831-1837	35	39	IL
3J7A_A:1377-1379_1676-1682	35	39	IL
3J7P_S2:1333-1335_1492-1498	35	39	IL
5T5A_A:6-9_53-57	36	40	IL
6D9J_2:566-569_581-584	36	40	IL
6GAW_BA:672-676_755-758	36	40	IL
3J7Q_5:121-122_147-152	36	40	IL
5XY3_1:2279-2286_2314-2323	37	41	IL
4V91_1:2823-2830_2858-2867	37	41	IL
6FYY_2:650-656_677-683	37	41	IL
5TBW_1:2823-2830_2858-2867	37	41	IL
4V88_A6:1224-1231_1254-1259	38	42	IL
6HIW_CA:97-102_123-131	38	42	IL
6ERI_AA:2756-2760_2780-2784	39	43	IL
4V8P_D1:563-568_601-604	39	43	IL
4V8P_D1:1194-1198_1355-1359	39	43	HT
5OOL_A:2149-2153_2248-2252	39	43	IL
3J79_A:1295-1299_1456-1460	39	43	HT
5XY3_1:1245-1249_1262-1267	39	43	IL
5O60_A:2962-2966_2986-2990	39	43	IL
5V7Q_A:2976-2980_3000-3004	39	43	IL
5J7L_DA:2738-2742_2762-2766	39	43	HT
5OQL_1:651-656_668-672	39	43	IL
5V7Q_A:831-836_853-859	40	44	IL
6HA1_A:749-754_771-777	40	44	IL
4Y4O_2A:702-707_724-730	40	44	EL
5O60_A:817-822_839-845	40	44	IL
5O60_A:1322-1329_1349-1353	40	44	IL
4V91_1:833-838_855-861	40	44	IL
5TBW_1:833-838_855-861	40	44	IL
5T5H_A:1000-1005_1022-1028	40	44	IL
6AZ3_1:884-889_906-912	40	44	IL
3J7Q_5:1737-1738_1790-1792	41	45	IL
6D9J_5:1737-1738_1790-1792	41	45	IL
6AZ3_1:1048-1049_1101-1103	41	45	IL
4V8P_D1:1023-1024_1076-1078	41	45	IL
4V91_1:997-998_1050-1052	41	45	IL
5TBW_1:997-998_1050-1052	41	45	IL
5XXB_1:1086-1087_1139-1141	41	45	IL
2HW8_B:10-13_22-29	42	46	L1C
4IOA_X:1221-1228_1247-1251	42	46	KT
6ERI_AA:80-84_96-103	42	46	IL
4Y1M_B:8-15_96-101	42	46	IL
5V7Q_A:1339-1346_1365-1369	42	46	IL
3G9C_Q:96-102_119-126	43	47	IL
4V91_1:3179-3187_3205-3210	43	47	IL
3J79_A:1475-1481_1499-1506	43	47	IL
5TBW_1:3179-3187_3205-3210	43	47	IL
5V7Q_B:27-28_54-58	44	48	IL
4KQY_A:45-48_77-79	44	48	IL
3J7P_S2:49-52_475-477	44	48	IL
5FJC_A:44-47_56-58	44	48	IL
3V7E_C:44-47_88-90	44	48	IL
4AOB_A:44-47_56-58	44	48	IL
5J7L_DA:1433-1435_1557-1560	44	48	IL
6DZP_B:29-30_56-60	44	48	IL
4OQU_A:24-27_46-48	44	48	IL
2YGH_A:44-47_56-58	44	48	IL
3J9M_AA:1262-1263_1329-1333	44	48	IL
5V93_a:986-990_1035-1036	44	48	IL
6GAZ_AA:617-618_684-688	44	48	IL
5ZEB_a:975-979_1024-1025	44	48	IL
6DZI_B:29-30_56-60	44	48	IL
1F1T_A:6-7_29-33	44	48	IL
5OOL_A:2597-2608_2624-2627	45	49	IL
5OPT_E:1819-1826_1878-1888	45	49	IL
5XY3_1:1795-1806_1822-1825	45	49	IL
4V8P_D1:2655-2657_2675-2679	46	50	IL
4WF9_X:304-306_409-413	46	50	IL
3J7Q_5:3710-3714_3739-3741	46	50	IL
6AZ3_2:1094-1096_1114-1118	46	50	IL
6D9J_5:4583-4585_4717-4721	46	50	IL
5V7Q_A:2759-2761_2778-2782	46	50	IL
5AN9_N:2999-3001_3019-3023	46	50	IL
4V91_1:2206-2210_2235-2237	46	50	IL
5T5H_B:1225-1227_1245-1249	46	50	IL
3J79_B:21-26_56-57	46	50	IL
5T2A_B:1029-1031_1049-1053	46	50	IL
3J7Q_5:117-121_152-154	46	50	IL
5TBW_1:2206-2210_2235-2237	46	50	IL
5XXU_2:561-567_574-582	47	51	IL
3J7P_S2:611-617_624-632	47	51	IL
6FRK_1:107-111_239-247	47	51	IL
5XYI_2:484-490_497-505	47	51	IL
6D9J_2:611-617_624-632	47	51	IL
6AZ1_1:611-617_624-632	47	51	IL
4V5O_BA:556-562_569-577	47	51	KT
4V88_A6:562-568_575-583	47	51	KT
5OPT_E:616-622_629-637	47	51	IL
6FYY_2:561-567_574-582	47	51	IL
3J7A_A:569-575_582-590	47	51	KT
4LFB_A:1255-1258_1277-1282	48	52	IL
5NGM_Aa:1319-1323_1334-1338	48	52	IL
3J7A_A:1979-1983_2007-2011	48	52	IL
6AZ3_4:131-135_155-159	48	52	IL
6ERI_AA:493-496_507-520	49	53	IL
4V91_1:376-379_390-403	49	53	IL
5TBW_1:376-379_390-403	49	53	IL
6HA1_A:2158-2165_2184-2188	50	54	IL
4IOA_X:1426-1430_1598-1605	50	54	IL
5J7L_AA:684-688_699-706	50	54	KT
6HA1_a:693-697_708-715	50	54	IL
5MRC_aa:689-695_821-826	50	54	IL
5V93_a:449-454_468-474	50	54	IL
5OPT_E:148-153_169-175	51	55	IL
6HA1_a:147-152_167-173	51	55	IL
5NGM_Aa:148-153_168-174	51	55	IL
5XXU_2:140-145_161-167	51	55	IL
5J7L_AA:148-153_168-174	51	55	IL
6AZ1_1:149-154_170-176	51	55	IL
3J7Q_5:82-88_96-101	51	55	IL
6D9J_2:146-151_167-173	51	55	IL
4V5O_BA:138-143_159-165	51	55	IL
6D9J_5:82-88_96-101	51	55	IL
3J7P_S2:146-151_167-173	51	55	IL
6CK5_A:17-20_42-43	52	56	IL
6D9J_5:4456-4457_4521-4524	52	56	IL
5XYI_2:685-686_782-785	52	56	IL
1MMS_C:1087-1090_1101-1102	52	56	IL
3J7Q_5:2001-2004_2015-2016	52	56	IL
5V93_a:1112-1114_1142-1144	52	56	IL
5XXU_2:1685-1687_1703-1705	52	56	IL
5TBW_1:1262-1265_1276-1277	52	56	IL
6ERI_BA:898-900_1180-1182	52	56	IL
4V91_1:1262-1265_1276-1277	52	56	IL
3J79_A:191-193_238-240	52	56	IL
4WF9_Y:6-8_107-109	52	56	IL
4Y4O_2A:1310-1313_1603-1604	52	56	IL
5NGM_Aa:1129-1131_1163-1165	52	56	IL
5AN9_N:1497-1500_1511-1512	52	56	IL
6FYY_2:711-713_725-727	52	56	IL
6FYY_2:824-826_844-846	52	56	IL
3J79_A:444-446_701-703	52	56	IL
3J7P_S2:154-156_162-164	52	56	IL
6ERI_AA:1115-1118_1129-1130	52	56	IL
6ERI_AA:1331-1334_1639-1640	52	56	IL
5V7Q_A:1216-1219_1230-1231	52	56	IL
4Y4O_2A:293-295_343-347	53	57	IL
6ERI_AA:303-305_352-356	53	57	IL
5V7Q_A:375-377_426-430	53	57	IL
5ZEB_a:1399-1402_1465-1468	53	57	IL
6HA1_a:1268-1271_1282-1285	53	57	IL
6CHR_A:10-13_340-342	53	57	IL
4WF9_X:336-338_386-390	53	57	IL
3J7A_A:1950-1953_2036-2039	53	57	IL
3J7Q_5:2415-2419_2427-2429	53	57	IL
4V88_A6:1669-1672_1729-1732	53	57	TS
4V5O_BA:683-686_715-718	53	57	IL
5J7L_AA:440-441_493-497	53	57	IL
6ASO_I:33-36_95-98	53	57	IL
6D9J_5:2415-2419_2427-2429	53	57	IL
4N0T_B:33-36_95-98	53	57	IL
3J79_A:3734-3737_3752-3755	53	57	IL
5MRC_aa:297-299_310-314	53	57	IL
5V93_a:439-440_484-488	53	57	IL
6FYY_2:1667-1670_1727-1730	53	57	IL
4V8P_D1:704-708_721-725	54	58	IL
5ZEB_a:1236-1239_1258-1263	54	58	IL
3J7Q_5:163-167_268-272	54	58	IL
5V93_a:1247-1250_1269-1274	54	58	IL
6AZ1_1:42-48_474-476	54	58	IL
4V9F_0:1542-1546_1639-1643	54	58	EL
5OPT_E:42-48_478-480	54	58	IL
5V7Q_A:1005-1009_1027-1031	54	58	IL
4IOA_X:1332-1336_1344-1346	55	59	CL
6HA1_A:1358-1362_1370-1372	55	59	IL
5O60_A:2574-2577_2588-2591	55	59	IL
5OQL_1:160-162_174-178	55	59	IL
6HA1_A:2379-2382_2393-2396	55	59	IL
5XY3_1:2703-2706_2721-2724	55	59	IL
4V9F_0:2873-2876_2881-2884	55	59	TS
4WF9_X:2377-2380_2391-2394	55	59	TS
4Y4O_2A:2350-2353_2364-2367	55	59	TS
4ZNP_A:9-12_37-40	55	59	TS
5J7L_DA:2350-2353_2364-2367	55	59	TS
4WF9_X:1356-1360_1368-1370	55	59	IL
3D0U_A:16-19_67-70	55	59	TS
3DIL_A:19-22_70-73	55	59	TS
3J7Q_5:1431-1434_1450-1453	55	59	TS
4IOA_X:2329-2332_2343-2346	55	59	TS
6D9J_5:1431-1434_1450-1453	55	59	IL
5OQL_1:454-457_475-478	55	59	IL
3JAN_4:181-187_212-216	56	60	IL
6FRK_1:181-187_212-216	56	60	IL
1MFQ_A:181-187_212-216	56	60	IL
6ERI_BA:555-561_577-581	56	60	IL
4V8P_D1:2206-2211_2224-2229	56	60	IL
4V91_1:2211-2216_2229-2234	56	60	IL
5TBW_1:2211-2216_2229-2234	56	60	IL
3JB9_C:13-14_78-84	57	61	IL
5J7L_DA:275-280_360-362	57	61	IL
5Y7M_D:3-6_46-50	57	61	IL
6AZ4_A:13-17_28-31	57	61	IL
1KXK_A:15-19_54-57	57	61	TR
1U6B_B:61-65_80-83	57	61	TR
2R8S_R:223-227_247-250	57	61	TR
3Q1Q_C:32-35_44-48	57	61	TR
4K27_U:19-23_34-37	57	61	TR
4WZJ_XXX:46-49_56-60	57	61	TR
6HA1_A:891-895_977-980	57	61	IL
6AZ1_1:1788-1790_1808-1813	57	61	IL
5BTM_A:19-23_34-37	57	61	TR
5XTM_B:3-6_41-45	57	61	IL
5TC1_R:2783-2787_2791-2794	57	61	IL
5M0H_A:14-18_29-32	57	61	TR
6CHR_A:518-521_532-536	57	61	TR
5XXB_1:2506-2508_3096-3097	58	62	IL
4WF9_X:2534-2535_2607-2609	58	62	IL
6AZ3_2:1315-1316_1388-1390	58	62	IL
1M5K_B:72-74_79-81	58	62	IL
5V93_a:134-136_222-224	58	62	IL
4V9F_0:2092-2094_2651-2652	58	62	IL
4Y4O_2A:2507-2508_2580-2582	58	62	IL
4IOA_X:2486-2487_2559-2561	58	62	IL
6AZ3_3:20-23_208-209	58	62	IL
5XY3_1:1911-1913_2440-2441	58	62	IL
5J7L_DA:2507-2508_2580-2582	58	62	IL
5V7Q_A:2745-2746_2818-2820	58	62	IL
4V8P_D1:2388-2390_2973-2974	58	62	IL
5AN9_N:3209-3210_3282-3284	58	62	IL
4V91_1:2393-2395_2985-2986	58	62	IL
5T5H_B:739-741_1555-1556	58	62	IL
5T5H_B:1446-1447_1519-1521	58	62	IL
5T2A_B:576-578_1359-1360	58	62	IL
6AZ3_2:639-641_1424-1425	58	62	IL
5TBW_1:176-177_239-242	58	62	IL
5TBW_1:2393-2395_2985-2986	58	62	IL
3J79_A:2686-2688_3344-3345	58	62	IL
5MRC_A:2773-2774_2847-2849	58	62	IL
4Y4O_2A:2636-2640_2774-2782	59	63	IL
6ERI_AA:2653-2657_2792-2800	59	63	IL
4V88_A6:1111-1118_1129-1134	59	63	SR
5XXB_1:1812-1818_1828-1834	59	63	IL
4WF9_X:2663-2667_2801-2809	59	63	IL
6FYY_2:1110-1117_1128-1133	59	63	IL
5XXU_2:1106-1113_1124-1129	59	63	IL
4IOA_X:2615-2619_2754-2762	59	63	IL
3J7P_S2:1168-1175_1186-1191	59	63	SR
6HA1_A:2665-2669_2803-2811	59	63	IL
3J7Q_5:1425-1429_1455-1460	60	64	IL
5XXB_1:171-174_256-262	60	64	IL
5T5H_A:248-249_253-263	61	65	IL
6D9J_5:2302-2309_2329-2333	61	65	IL
6AZ3_1:244-245_249-259	61	65	IL
3J7Q_5:2302-2309_2329-2333	61	65	KT
4WF9_X:2765-2769_2789-2793	62	66	IL
5TBW_1:1645-1649_1806-1810	62	66	IL
4V8P_D1:859-863_880-884	62	66	IL
4V91_1:1645-1649_1806-1810	62	66	IL
4V88_A6:1678-1682_1719-1723	62	66	EL
4V9F_0:794-798_815-819	62	66	EL
6HA1_A:2767-2771_2791-2795	62	66	IL
6FYY_2:1676-1680_1717-1721	62	66	IL
5MRC_A:2732-2736_2746-2750	62	66	IL
3J9M_AA:1067-1070_1088-1091	63	67	IL
5J7L_DA:2680-2684_2725-2727	63	67	CL
6GAZ_AA:419-422_440-443	63	67	IL
4V9F_0:40-41_440-442	64	68	IL
4V9F_0:929-931_1039-1041	64	68	IL
5O60_A:2293-2294_2662-2665	64	68	IL
5XXB_1:1998-2000_2451-2453	64	68	IL
5XXB_1:2525-2526_2918-2921	64	68	IL
3J7Q_5:2844-2846_3842-3844	64	68	IL
3J7Q_5:3916-3917_4384-4387	64	68	IL
5OOL_A:2954-2955_2968-2970	64	68	IL
6GAW_BA:1065-1066_1261-1264	64	68	IL
4V9F_0:1741-1743_2036-2038	64	68	IL
4V9F_0:2111-2112_2473-2476	64	68	IL
5MRC_A:1615-1617_1895-1897	64	68	IL
4Y4O_2A:2070-2071_2438-2441	64	68	IL
6HA1_A:2099-2100_2467-2470	64	68	IL
4WF9_X:2097-2098_2465-2468	64	68	IL
6AZ3_2:658-659_1246-1249	64	68	IL
5XY3_1:1930-1931_2263-2266	64	68	IL
6D9J_5:3916-3917_4384-4387	64	68	IL
4Y4O_2A:1663-1665_1995-1997	64	68	IL
5OOL_A:2733-2734_2925-2928	64	68	IL
4V8P_D1:1919-1921_2333-2335	64	68	IL
4V8P_D1:2407-2408_2795-2798	64	68	IL
4IOA_X:2053-2054_2417-2420	64	68	IL
5AN9_N:2678-2679_3140-3143	64	68	IL
4V91_1:1895-1897_2338-2340	64	68	IL
4V91_1:2412-2413_2807-2810	64	68	IL
5T5H_B:758-759_1377-1380	64	68	IL
5T2A_B:595-596_1181-1184	64	68	IL
5J7L_DA:1663-1665_1995-1997	64	68	IL
5MRC_A:1970-1971_2704-2707	64	68	IL
5TBW_1:1895-1897_2338-2340	64	68	IL
5TBW_1:2412-2413_2807-2810	64	68	IL
3J79_A:2163-2165_2631-2633	64	68	IL
3J79_A:2705-2706_3166-3169	64	68	IL
4YAZ_R:4-7_77-81	65	69	IL
3DD2_B:3-8_21-23	65	69	IL
3J7A_A:38-41_472-476	65	69	IL
6FYY_2:38-41_465-469	65	69	IL
6ERI_Ax:24-28_56-59	65	69	IL
6GAW_BA:2-4_147-152	65	69	IL
4V88_A6:38-41_466-470	65	69	IL
4V8P_D1:3290-3295_3323-3327	66	70	IL
4V91_1:3332-3337_3367-3371	66	70	IL
6D9J_5:4632-4637_4662-4666	66	70	IL
3J7Q_5:4632-4637_4662-4666	66	70	IL
6HA1_A:1756-1761_1772-1776	66	70	IL
5TBW_1:3332-3337_3367-3371	66	70	SR
6ERI_AA:1224-1229_1259-1263	66	70	IL
5OQL_2:112-115_190-196	66	70	IL
5XYM_B:29-31_55-60	67	71	IL
3J7Q_5:4582-4585_4717-4721	67	71	IL
5J7L_AA:47-52_359-361	67	71	IL
6D9J_5:1425-1428_1456-1460	67	71	IL
1U9S_A:136-139_161-162	68	72	CL
4LFB_A:1128-1132_1142-1143	68	72	IL
5ZEB_a:1109-1112_1123-1124	68	72	IL
5FLX_z:67-69_98-100	68	72	IL
5XYI_2:320-322_337-339	68	72	IL
5V93_a:1120-1123_1134-1135	68	72	IL
3J79_A:1827-1829_1996-1998	68	72	IL
6AHU_A:197-199_208-210	68	72	IL
6HA1_a:1139-1142_1151-1152	68	72	IL
5J7L_AA:1129-1132_1142-1143	68	72	IL
3J7Q_5:4536-4538_4547-4550	68	72	IL
4LFB_A:569-575_880-881	69	73	IL
5V7Q_A:1655-1659_1814-1817	69	73	IL
5V7Q_A:1706-1709_1759-1763	69	73	IL
6AZ3_2:1145-1149_1165-1168	69	73	IL
5J7L_AA:569-575_880-881	69	73	IL
5O60_A:1869-1874_2228-2230	69	73	IL
3J9M_AA:935-941_1133-1134	69	73	IL
6ERI_AA:1560-1563_1576-1580	69	73	IL
4Y4O_2A:1437-1440_1551-1555	69	73	IL
5VT0_R:84-88_104-107	69	73	IL
6GAZ_AA:290-296_484-485	69	73	IL
6HA1_a:578-584_890-891	69	73	IL
5T5H_B:1276-1280_1296-1299	69	73	IL
5T2A_B:1080-1084_1100-1103	69	73	IL
6ERI_BA:518-524_830-831	69	73	IL
5MRC_aa:54-59_363-365	69	73	IL
1F1T_A:8-10_23-28	69	73	IL
5NGM_Aa:577-583_889-890	69	73	IL
5ZEB_a:549-555_862-863	69	73	IL
5XYI_2:715-719_730-737	70	74	IL
5AN9_N:2423-2428_2439-2446	70	74	IL
4V88_A6:1488-1494_1513-1518	70	74	IL
5MRC_aa:246-251_282-289	70	74	IL
3J7A_A:317-322_354-361	70	74	KT
5V7Q_A:323-325_451-455	71	75	IL
4V9F_0:248-249_260-265	71	75	IL
6AZ1_1:846-848_903-907	71	75	IL
2A64_A:191-193_237-241	71	75	IL
4V8P_D1:1527-1531_1539-1541	71	75	IL
4V91_1:2666-2668_2686-2690	71	75	IL
4IOA_X:2276-2278_2296-2300	71	75	IL
4V91_1:977-981_1102-1104	71	75	IL
5TBW_1:2666-2668_2686-2690	71	75	IL
3J79_A:3005-3007_3025-3029	71	75	IL
3J7Q_5:1732-1737_1792-1797	72	76	CL
6AZ3_1:1043-1048_1103-1108	72	76	IL
5MRC_A:780-785_841-846	72	76	IL
5T5H_A:1163-1168_1223-1228	72	76	IL
5V7Q_A:570-573_584-597	73	77	IL
4MGN_A:14-23_81-91	73	77	SR
5XY3_1:349-352_364-376	73	77	IL
5O60_A:569-572_583-596	73	77	IL
4V9F_0:563-567_591-594	74	78	IL
3J7P_S2:37-40_514-518	74	78	IL
5V7Q_A:1886-1891_2242-2244	74	78	IL
6D9J_2:37-40_514-518	74	78	IL
6D9J_2:1708-1711_1822-1826	74	78	IL
1ET4_A:213-217_229-232	74	78	IL
6D9J_2:927-931_1010-1014	75	79	IL
6CK5_A:12-15_45-50	75	79	IL
5J7L_AA:580-584_757-761	75	79	EL
4WF9_X:1757-1761_1768-1772	75	79	IL
6HA1_a:513-520_549-550	75	79	IL
6ERI_BA:453-460_489-490	75	79	IL
5J7L_AA:504-511_540-541	75	79	RS
5T5H_A:506-516_587-594	76	80	IL
5J7L_AA:1430-1435_1466-1470	76	80	IL
1Y0Q_A:54-59_80-84	76	80	IL
2R8S_R:121-126_196-200	76	80	IL
6GAZ_AA:633-634_643-651	76	80	IL
5OQL_1:39-41_52-55	77	81	IL
1M5K_B:20-23_61-63	77	81	IL
6GAW_BA:606-608_625-628	77	81	IL
3P49_A:35-38_51-52	77	81	IL
6G90_1:77-80_123-125	77	81	IL
5ZWN_P:77-80_123-125	77	81	IL
4V88_A6:1645-1647_1753-1756	77	81	IL
5T5H_A:123-124_144-149	78	82	IL
5TBW_1:123-124_144-149	78	82	IL
3J7P_S2:1042-1046_1072-1073	78	82	IL
5XXB_1:2270-2275_2286-2293	79	83	IL
6HA1_A:81-85_97-104	79	83	IL
5TBW_1:2156-2161_2173-2180	79	83	KT
5O60_A:78-82_95-102	79	83	IL
4WF9_X:81-85_97-104	79	83	KT
4V91_1:2156-2161_2173-2180	79	83	IL
5ZEB_a:1414-1418_1450-1453	80	84	IL
6HA1_a:1440-1444_1476-1479	80	84	IL
5NGM_Aa:1441-1445_1477-1480	80	84	IL
4R4V_A:619-623_637-640	80	84	IL
5J7L_DA:1651-1656_2004-2006	80	84	IL
5V93_a:1424-1428_1459-1462	80	84	IL
4V8P_D1:125-128_138-141	80	84	TS
6GAZ_AA:860-863_907-910	80	84	IL
4Y4O_2A:1651-1656_2004-2006	80	84	IL
4IOA_X:1668-1673_1987-1989	80	84	IL
6ERI_BA:1381-1385_1416-1419	80	84	IL
6HA1_A:1696-1701_2033-2035	80	84	IL
5ZEB_a:440-442_472-477	80	84	IL
5G2X_A:174-183_351-360	81	85	IL
3J7A_A:1725-1733_1815-1825	81	85	IL
5MRC_A:943-949_1106-1120	81	85	IL
3J7Q_5:387-390_401-414	82	86	IL
6ERI_BA:381-388_399-405	82	86	IL
6D9J_5:387-390_401-414	82	86	IL
5V7Q_A:624-629_654-659	83	87	IL
5XTM_D:16-23_30-33	83	87	IL
6D9J_2:563-565_585-592	83	87	IL
5DCV_D:18-25_32-35	83	87	IL
4LCK_F:6-12_94-97	83	87	KT
5OPT_E:564-566_590-597	83	87	IL
4OJI_A:5-9_44-50	83	87	IL
5GAN_V:28-34_43-46	83	87	IL
5GAP_V:28-34_43-46	83	87	IL
5XTM_B:16-23_30-33	83	87	IL
6HA1_a:454-458_492-497	83	87	IL
5NGM_Aa:454-458_491-496	83	87	IL
4RUM_A:20-22_38-42	84	88	IL
4Y4O_2A:1319-1323_1331-1333	84	88	CL
5XXB_3:27-29_48-52	84	88	IL
5TBW_1:1501-1505_1513-1515	84	88	IL
6ERI_BA:546-548_588-592	84	88	IL
4V91_1:1501-1505_1513-1515	84	88	IL
4WF9_X:2324-2326_2344-2348	84	88	IL
5XY3_3:27-29_47-51	84	88	IL
4IOA_X:1491-1494_1530-1533	84	88	TS
6GAW_BA:73-79_87-92	85	89	SR
1NBS_B:138-143_165-171	85	89	SR
5OOL_A:1739-1745_1753-1758	85	89	SR
5XYM_B:35-39_45-49	86	90	IL
5V7Q_B:33-37_43-47	86	90	IL
6DZI_B:35-39_45-49	86	90	IL
6DZP_B:35-39_45-49	86	90	IL
5O60_A:1122-1129_1269-1270	86	90	IL
4V9F_0:291-295_356-361	86	90	SR
5XY3_3:31-35_41-45	86	90	IL
6CHR_A:80-82_97-99	87	91	IL
5F5F_F:5-7_14-16	87	91	IL
4WF9_Y:3-5_110-112	87	91	IL
3W3S_B:47.A-47.C_47.N-47.P	87	91	IL
5V93_a:1001-1003_1012-1014	87	91	IL
5F5F_B:5-7_14-16	87	91	IL
4V88_A6:1290-1292_1323-1325	87	91	IL
3J7Q_5:1173-1175_1186-1188	87	91	IL
6HA1_a:69-71_98-100	87	91	IL
6D9J_2:1347-1349_1380-1382	87	91	IL
5OQL_1:494-496_502-504	87	91	IL
4V8P_D1:457-462_516-521	88	92	CL
1U63_D:10-13_33-40	88	92	L1C
2VPL_B:10-13_33-40	88	92	L1C
6HA1_A:1392-1394_1415-1418	89	93	IL
6CHR_A:219-221_224-227	89	93	IL
5V93_a:408-411_430-432	89	93	IL
5J7L_DA:1353-1355_1376-1379	89	93	IL
4V5O_BA:509-511_526-529	89	93	EL
6ERI_AB:47-49_75-78	89	93	IL
4IOA_X:1366-1368_1389-1392	89	93	IL
5O60_A:1468-1470_1491-1494	89	93	IL
4WF9_X:1390-1392_1413-1416	89	93	IL
6ERI_AA:1374-1376_1397-1400	89	93	IL
6ERI_AA:1454-1456_1591-1594	89	93	IL
5V7Q_A:1484-1486_1507-1510	89	93	IL
5XYM_B:72-80_95-103	90	94	IL
3J7Q_5:3714-3722_3731-3739	90	94	IL
5V7Q_B:70-78_93-101	90	94	IL
6DZI_B:72-80_95-103	90	94	IL
6DZP_B:72-80_95-103	90	94	IL
3IGI_A:149-156_221-225	91	95	IL
6GAW_BA:641-647_1006-1011	91	95	SR
5FLX_z:70-75_91-97	91	95	IL
4RGE_C:3-8_47-54	91	95	IL
4Y4O_2A:1263-1269_2011-2016	91	95	IL
4IOA_X:1276-1282_1994-1999	91	95	SR
5MRC_A:1296-1302_1911-1916	91	95	SR
6ERI_AA:1284-1290_2025-2030	91	95	IL
3GS5_C:32-38_49-57	92	96	IL
4IOA_Y:73-81_100-108	92	96	IL
3Q3Z_V:13-14_60-74	92	96	IL
3J7Q_5:1957-1967_2020-2026	92	96	IL
6ERI_Ax:71-79_98-106	92	96	IL
5XXB_1:2946-2950_2960-2964	93	97	IL
6D9J_5:4412-4416_4426-4430	93	97	IL
5AN9_N:3168-3172_3182-3186	93	97	IL
5T2A_B:1209-1213_1223-1227	93	97	IL
3J7Q_5:4412-4416_4426-4430	93	97	IL
3J79_A:3194-3198_3208-3212	93	97	IL
5OPT_E:1689-1699_1722-1730	94	98	IL
6AZ1_1:353-360_392-401	94	98	IL
5FDV_1B:34-38_44-48	95	99	IL
4WF9_Y:32-36_42-46	95	99	IL
4V8P_C3:32-36_41-45	95	99	IL
6GAZ_AA:537-541_824-828	95	99	IL
3J79_B:32-36_41-45	95	99	IL
6HA1_B:32-36_42-46	95	99	IL
4V8P_D1:81-87_95-100	96	100	SR
4FRG_B:6-15_76-78	96	100	IL
3J9M_AA:1140-1147_1158-1163	96	100	IL
6GAW_BA:809-817_982-985	96	100	IL
3J9M_AA:756-761_779-786	96	100	IL
5AN9_N:1453-1461_1518-1522	96	100	IL
6ERI_BA:133-138_153-159	96	100	IL
5V7Q_A:1172-1180_1237-1241	96	100	IL
4V9F_0:1764-1769_1774-1780	97	101	IL
5XY3_1:1157-1163_1872-1877	97	101	IL
5V7Q_A:241-247_255-260	97	101	IL
5G2X_A:79-85_92-99	97	101	IL
5XYI_2:56-61_76-78	98	102	IL
3J7P_S2:924-927_1014-1018	98	102	IL
3J7Q_5:2446-2450_2509-2514	99	103	HT
6ERI_AA:886-891_906-910	99	103	IL
6D9J_5:2446-2450_2509-2514	99	103	IL
6AHD_I:28-34_42-45	99	103	IL
1E7K_C:28-34_42-45	99	103	KT
2OZB_C:28-34_42-45	99	103	KT
1I6U_C:12-13_24-27	100	104	CL
4LFB_A:597-598_640-643	100	104	CL
5J7L_AA:597-598_640-643	100	104	CL
5OPT_E:154-156_166-168	100	104	IL
4V8P_D1:2879-2880_2897-2900	100	104	IL
6D9J_2:922-923_1019-1022	100	104	IL
1U6B_B:147-150_162-163	100	104	TR
3IGI_A:334-335_346-349	100	104	TR
3T4B_A:2-5_19-20	100	104	TR
4PCJ_A:8-11_27-28	100	104	TR
4V91_1:3345-3347_3358-3360	100	104	IL
5F9R_A:87-89_96-98	100	104	IL
3J7Q_5:2842-2844_3844-3846	100	104	IL
3J7A_A:148-150_160-162	100	104	IL
5OQL_1:1450-1451_1547-1550	100	104	IL
5XYI_2:594-595_647-650	100	104	IL
5J7L_AA:77-79_90-92	100	104	IL
5J7L_AA:80-82_87-89	100	104	IL
4V9F_0:1902-1905_1934-1935	100	104	IL
6ERI_BA:627-629_659-661	100	104	IL
6ERI_BA:720-722_755-757	100	104	IL
6ERI_AA:1699-1701_2009-2011	100	104	IL
3J79_A:1821-1823_2003-2005	100	104	IL
6AZ1_1:1582-1583_1606-1609	100	104	IL
6GSL_1K:2-4_70-72	100	104	IL
5NGM_Aa:1010-1012_1048-1050	100	104	IL
4IOA_X:1504-1507_1515-1516	100	104	IL
5IBB_1K:5-7_66-68	100	104	IL
5VZL_B:87-89_96-98	100	104	IL
3KTW_C:144-146_232-234	100	104	IL
5T5H_B:1641-1643_1647-1649	100	104	IL
5XY3_1:935-937_1014-1016	100	104	IL
5XYI_2:1166-1168_1173-1175	100	104	IL
5DCV_D:5-6_45-48	100	104	TR
6D9J_2:1287-1288_1311-1314	100	104	IL
6D9J_2:1399-1401_1445-1447	100	104	IL
4V88_A6:865-866_962-965	100	104	IL
3J7P_S2:882-884_902-904	100	104	IL
3J7P_S2:922-923_1019-1022	100	104	IL
5ZEB_a:577-578_620-623	100	104	IL
6ERI_AA:136-137_157-160	100	104	IL
5XTM_D:5-6_41-44	100	104	IL
5J7L_DA:24-29_511-516	101	105	EL
6HA1_A:24-29_557-562	101	105	IL
5O60_A:21-26_598-603	101	105	IL
4WF9_X:24-29_556-561	101	105	IL
4Y4O_2A:24-29_511-516	101	105	EL
5V7Q_A:24-29_599-604	101	105	IL
4IOA_X:24-29_521-526	101	105	EL
5XXU_2:58-63_86-88	102	106	IL
6ERI_AA:2095-2098_2252-2256	102	106	IL
1NBS_B:146-150_159-162	102	106	TR
6D9J_2:57-62_86-88	102	106	IL
6FYY_2:58-63_87-89	102	106	IL
5J7L_AA:1124-1127_1145-1149	102	106	IL
4V88_A6:58-63_87-89	102	106	IL
5OQL_1:645-650_673-675	102	106	IL
4LFB_A:446-450_483-488	103	107	SR
4GMA_Z:86-90_153-158	103	107	IL
3KTW_C:193-199_224-227	103	107	IL
5V93_a:445-449_474-479	103	107	IL
5MRC_A:1638-1643_1649-1656	104	108	IL
5J7L_AA:1247-1253_1284-1290	104	108	IL
5NGM_Aa:1257-1263_1294-1300	104	108	IL
5V7Q_A:709-713_722-726	105	109	IL
5V93_a:1251-1255_1264-1268	105	109	IL
5O60_A:699-703_712-716	105	109	IL
5V93_a:411-415_426-430	105	109	IL
5TBW_1:1694-1698_1747-1752	106	110	IL
4V91_1:1694-1698_1747-1752	106	110	IL
4M4O_B:15-23_44-45	106	110	IL
4M6D_H:15-23_44-45	106	110	IL
5O60_A:356-364_438-439	106	110	IL
4LFB_A:371-375_389-390	107	111	CL
5XXU_2:443-447_460-461	107	111	IL
5XXB_1:2509-2511_3092-3095	107	111	IL
6ERI_BA:943-947_994-995	107	111	IL
5NGM_Aa:379-383_397-398	107	111	IL
3J7A_A:449-453_466-467	107	111	IL
5OQL_1:1027-1031_1044-1045	107	111	IL
5J7L_AA:993-997_1044-1045	107	111	IL
6ERI_BA:605-607_696-699	107	111	IL
3J9M_AA:834-838_852-853	107	111	IL
6AZ1_1:486-490_508-509	107	111	IL
6AZ3_2:642-644_1420-1423	107	111	IL
5OPT_E:490-494_512-513	107	111	IL
6D9J_5:2843-2846_3842-3845	107	111	IL
6HA1_a:1003-1007_1054-1055	107	111	IL
4Y4O_2A:1415-1416_1582-1587	107	111	IL
5NGM_Aa:1002-1006_1055-1056	107	111	IL
4V8P_D1:2391-2393_2969-2972	107	111	IL
5AN9_N:2662-2664_3314-3317	107	111	IL
4V91_1:2396-2398_2981-2984	107	111	IL
6FYY_2:442-446_459-460	107	111	IL
4LFB_A:993-997_1044-1045	107	111	IL
6HA1_a:379-383_397-398	107	111	IL
5T5H_B:742-744_1551-1554	107	111	IL
6ERI_BA:343-347_361-362	107	111	IL
5MRC_aa:1470-1472_1589-1592	107	111	IL
4V88_A6:443-447_460-461	107	111	IL
4V5O_BA:435-439_452-453	107	111	IL
5TBW_1:2396-2398_2981-2984	107	111	IL
3J79_A:2689-2691_3340-3343	107	111	IL
4IOA_X:303-306_354-359	108	112	IL
3IWN_A:12-16_31-35	108	112	EL
3MXH_R:22-26_41-45	108	112	EL
3NDB_M:201-205_216-220	108	112	IL
3JBV_W:50-52_62-64	109	113	IL
3D0U_A:35-38_51-52	109	113	IL
3DIL_A:38-41_54-55	109	113	IL
3IGI_A:305-307_312-314	109	113	IL
5V7Q_A:978-980_1055-1057	109	113	IL
5T5H_A:809-811_833-835	109	113	IL
6B44_M:46-48_58-60	109	113	IL
6AZ3_2:133-135_343-345	109	113	IL
5OQL_1:296-299_342-343	109	113	IL
1RLG_D:2-4_22-24	109	113	IL
3J7Q_5:2292-2294_2340-2342	109	113	IL
5XXU_2:1150-1152_1619-1621	109	113	IL
5E81_1K:3-5_68-70	109	113	IL
5E81_1K:5-7_66-68	109	113	IL
6ERI_BA:619-621_683-685	109	113	IL
4V90_AV:11-13_22-24	109	113	IL
4V91_1:1563-1565_1574-1576	109	113	IL
5OPT_E:708-710_747-749	109	113	IL
1XJR_A:19-20_28-31	109	113	IL
6GSK_3L:50-52_62-64	109	113	IL
3J7Q_5:1347-1349_1507-1509	109	113	IL
5V7Q_A:2308-2310_2674-2676	109	113	IL
6FYY_2:547-549_587-589	109	113	IL
6FYY_2:821-823_847-849	109	113	IL
4V91_3:28-29_49-52	109	113	IL
5TBW_AS:28-29_49-52	109	113	IL
4V88_A6:822-824_848-850	109	113	IL
6HCJ_q3:11-13_22-24	109	113	IL
3J7P_S2:1560-1562_1573-1575	109	113	IL
5V7Q_A:1516-1518_1531-1533	109	113	IL
6D9J_2:1108-1110_1123-1124	109	114	IL
4LFB_A:657-658_747-749	109	114	IL
5ZEB_a:1037-1038_1180-1184	109	114	IL
3J7Q_5:3909-3911_4391-4392	109	114	IL
5V93_a:1048-1049_1191-1195	109	114	IL
6ERI_BA:1007-1008_1148-1152	109	114	IL
6HA1_a:1067-1068_1208-1212	109	114	IL
5NGM_Aa:1068-1069_1209-1213	109	114	IL
5J7L_AA:1057-1058_1199-1203	109	114	IL
5T5H_A:1040-1043_1052-1054	109	114	IL
3J7P_S2:1363-1366_1373-1375	109	114	IL
5J7L_DA:1720-1724_1736-1740	110	115	EL
6HA1_A:2872-2877_2890-2894	110	115	IL
4WF9_X:2867-2872_2885-2889	110	115	SR
6AHU_A:179-185_220-223	110	115	IL
6D9J_5:1911-1920_2063-2065	111	116	IL
3J7Q_5:1911-1920_2063-2065	111	116	RS
4Y4O_2A:846-850_927-931	112	117	IL
5XXU_2:363-365_376-381	112	117	IL
3J7A_A:369-371_382-387	112	117	IL
6D9J_2:411-413_424-429	112	117	IL
6AZ1_1:406-408_419-424	112	117	IL
5OPT_E:410-412_423-428	112	117	IL
4V88_A6:363-365_376-381	112	117	IL
6FYY_2:362-364_375-380	112	117	IL
5OPT_E:197-204_225-228	113	118	IL
5T5H_G:78-83_108-112	113	118	IL
5AN9_N:3390-3395_3420-3424	113	118	IL
5XXB_1:460-465_537-542	113	118	IL
2XXA_F:31-37_62-66	114	119	HT
5DCV_D:10-16_37-41	114	119	IL
6HA1_a:458-463_487-492	114	119	IL
5OQL_1:624-628_1050-1055	114	119	IL
6D9J_5:4680-4685_4705-4710	115	120	IL
5J7L_DA:1018-1024_1140-1144	115	120	IL
6GAW_BA:1507-1512_1534-1539	115	120	IL
5J7L_DA:82-85_97-104	115	120	L1C
6HA1_A:1064-1070_1186-1190	115	120	IL
3J79_A:32-37_46-52	115	120	SR
4WF9_X:1062-1068_1184-1188	115	120	IL
4KQY_A:17-21_31-38	116	121	KT
5XY3_1:1385-1391_1401-1407	116	121	IL
6ERI_AA:2670-2675_2680-2684	117	122	IL
5O60_A:2877-2882_2887-2891	117	122	IL
5V7Q_A:2891-2896_2901-2905	117	122	IL
4IOA_X:2632-2637_2642-2646	117	122	SR
3NDB_M:192-198_223-226	117	122	IL
6HA1_A:2682-2687_2692-2696	117	122	IL
4WF9_X:2680-2685_2690-2694	117	122	SR
4Y4O_2A:2653-2658_2663-2667	117	122	SR
5XYI_2:1087-1091_1233-1238	117	122	IL
5MRC_A:2920-2925_2930-2934	117	122	IL
5J7L_DA:2653-2658_2663-2667	117	122	SR
3J7Q_5:4999-5001_5046-5050	118	123	IL
5V93_a:1042-1046_1197-1199	118	123	IL
5D8H_A:1197-1201_1210-1212	118	123	IL
5XY3_1:2120-2122_2140-2144	118	123	IL
5XY3_1:2172-2175_2189-2192	118	123	IL
3PDR_X:21-22_163-168	118	123	IL
6HA1_A:1133-1137_1146-1148	118	123	IL
5NGM_Aa:1062-1066_1215-1217	118	123	IL
6AZ3_1:712-715_735-738	118	123	IL
5V7Q_A:993-998_1038-1041	119	124	IL
5O60_A:979-984_1024-1027	119	124	IL
4WF9_X:1048-1055_1194-1195	119	124	RS
3J79_A:2504-2508_2523-2527	119	124	IL
4V91_1:3054-3059_3084-3088	120	125	IL
5XXU_2:1270-1273_1426-1433	120	125	IL
4V8P_D1:1726-1730_1763-1768	120	125	IL
5TBW_1:3054-3059_3084-3088	120	125	IL
5ZWN_P:84-87_112-119	120	125	IL
6AZ1_1:1705-1707_1765-1770	121	126	IL
5V93_a:46-49_394-398	121	126	IL
3J7P_S2:1329-1333_1498-1500	122	127	IL
5O60_A:2521-2523_2541-2545	122	127	IL
5XXB_1:2777-2779_2797-2801	122	127	IL
6FYY_2:1271-1275_1434-1436	122	127	IL
3J7A_A:1373-1377_1682-1684	122	127	IL
5XYI_2:1080-1084_1245-1247	122	127	IL
5V93_a:588-590_630-634	122	127	IL
4LFB_A:1057-1058_1199-1203	123	128	IL
4LFB_A:292-293_304-308	123	128	IL
6D9J_5:4580-4583_4721-4723	123	128	IL
3J7Q_5:2311-2314_2325-2327	123	128	IL
5V93_a:140-142_172-175	123	128	IL
5J7L_AA:292-293_304-308	123	128	IL
6D9J_5:3895-3898_4563-4565	123	128	IL
3Q1Q_B:179-181_198-201	123	128	IL
3J79_B:82-85_92-94	123	128	IL
5ZEB_a:292-293_304-308	123	128	IL
5NGM_Aa:510-512_549-552	123	128	IL
5T5H_A:31-36_45-51	124	129	IL
5XY3_1:30-35_44-50	124	129	IL
3J79_A:1849-1853_1967-1972	124	129	IL
4LX6_A:22-25_45-52	124	129	IL
3LA5_A:22-25_45-52	124	129	IL
3IGI_A:332-334_349-350	125	130	IL
5MRC_aa:1018-1019_1258-1260	125	130	IL
3T4B_A:5-6_17-19	125	130	IL
5J7L_AA:594-596_644-645	125	130	IL
6HA1_a:603-605_653-654	125	130	IL
1I6U_C:9-11_28-29	125	130	IL
5NGM_Aa:602-604_652-653	125	130	IL
5NGM_Aa:665-666_755-757	125	130	IL
5MRC_A:2723-2725_2759-2760	125	130	IL
6ERI_AA:2476-2477_2507-2510	126	131	IL
5O60_A:2683-2684_2714-2717	126	131	IL
4WF9_X:2486-2487_2517-2520	126	131	IL
5OOL_A:2946-2947_2977-2980	126	131	IL
6GAW_BA:1282-1283_1313-1316	126	131	IL
4Y4O_2A:2459-2460_2490-2493	126	131	IL
6HA1_A:2488-2489_2519-2522	126	131	IL
4IOA_X:2438-2439_2469-2472	126	131	IL
5J7L_DA:2459-2460_2490-2493	126	131	IL
4V88_A6:205-206_259-262	126	131	IL
6FYY_2:204-205_258-261	126	131	IL
5MRC_A:2725-2726_2756-2759	126	131	IL
3JAN_4:190-194_205-209	127	132	IL
6FRK_1:190-194_205-209	127	132	IL
4V9F_0:1728-1734_2045-2047	127	132	IL
5J7L_AA:1255-1258_1277-1282	127	132	IL
1MFQ_A:190-194_205-209	127	132	EL
5OQL_1:1098-1100_1120-1127	128	133	IL
6FYY_2:513-515_535-542	128	133	IL
4V5O_BA:507-509_529-536	128	133	IL
5XXB_1:2021-2026_2031-2037	129	134	IL
6HA1_A:721-725_846-853	129	134	IL
6AZ3_2:102-107_112-118	129	134	IL
5MRC_A:583-587_690-697	129	134	IL
4IOA_X:1703-1708_1713-1719	129	134	IL
3J79_A:1593-1599_2647-2652	129	134	SR
4IOA_X:687-691_812-819	129	134	SR
4WF9_X:719-723_844-851	129	134	SR
4Y4O_2A:674-678_799-806	129	134	SR
5T5H_B:102-107_112-118	129	134	IL
5T2A_B:101-106_111-117	129	134	IL
3J79_A:2186-2191_2196-2202	129	134	IL
2YGH_A:17-21_31-38	129	134	KT
5J7L_DA:674-678_799-806	129	134	SR
6HA1_a:1264-1267_1286-1291	130	135	IL
4QK9_A:29-33_99-103	130	135	IL
4QLM_A:27-31_97-101	130	135	IL
6AZ3_2:457-461_476-480	130	135	IL
6D9J_5:4466-4469_4486-4491	130	135	IL
4W90_C:28-32_102-106	130	135	IL
5T2A_B:394-398_413-417	130	135	IL
4V8P_D1:1200-1207_1352-1353	130	135	RS
4V9F_0:280-286_366-369	131	136	IL
4Y1J_A:38-46_59-60	131	136	IL
1KOG_O:74-76_96-100	132	137	CL
4JRC_B:29-33_73-75	132	137	CL
4MGN_A:29-33_73-75	132	137	CL
4V5O_BA:1130-1132_1589-1593	132	137	CL
6ERI_AA:2697-2701_2743-2745	132	137	IL
4LFB_A:933-935_1380-1384	132	137	IL
3J7P_S2:566-569_581-584	132	137	IL
6HA1_a:943-945_1389-1393	132	137	IL
5XYI_2:966-968_1423-1427	132	137	IL
5J7L_AA:933-935_1380-1384	132	137	IL
5B2P_B:76-80_88-90	132	137	IL
6ERI_BA:883-885_1330-1334	132	137	IL
6AZ1_1:58-63_85-87	132	137	IL
5OPT_E:58-63_84-86	132	137	IL
5XY3_1:2501-2505_2542-2544	132	137	IL
5V7Q_A:2918-2922_2963-2965	132	137	IL
5O60_A:1551-1554_1617-1619	132	137	IL
5V93_a:926-928_1373-1377	132	137	IL
5ZEB_a:915-917_1363-1367	132	137	IL
5NGM_Aa:942-944_1390-1394	132	137	IL
5O60_A:2904-2908_2949-2951	132	137	IL
3J79_A:2151-2156_2640-2642	133	138	IL
3J79_A:3487-3491_3512-3516	133	138	HT
5AN9_N:3340-3343_3475-3479	133	138	IL
4WF9_X:1448-1451_1632-1635	133	138	IL
5T5H_A:1144-1153_1285-1287	133	138	IL
5MRC_aa:725-729_807-809	133	138	IL
5J7L_DA:1851-1859_1883-1891	134	139	IL
2HVY_E:9-16_42-49	134	139	IL
4WF9_X:1825-1831_1840-1848	134	139	KT
6AZ3_1:1230-1237_1387-1396	134	139	IL
5OPT_E:2079-2083_2094-2098	135	140	IL
6ERI_AA:2704-2708_2736-2740	135	140	IL
4V9F_0:2724-2728_2754-2758	135	140	HT
4Y4O_2A:1469-1473_1518-1523	135	140	HT
4WF9_X:2714-2718_2745-2749	135	140	IL
4V91_1:759-763_768-772	135	140	IL
5TBW_1:759-763_768-772	135	140	IL
6HA1_A:2716-2720_2747-2751	135	140	IL
5NGM_Aa:588-592_765-769	135	140	IL
5ZEB_a:1240-1244_1253-1257	136	141	IL
4WF9_X:1394-1398_1407-1411	136	141	EL
5V93_a:571-575_748-752	136	141	IL
5ZEB_a:560-564_737-741	136	141	IL
5J7L_DA:1319-1323_1331-1333	137	142	IL
6HA1_A:2326-2328_2346-2350	137	142	IL
4WFL_A:73-76_91-94	137	142	TS
5XY3_3:20-25_56-57	137	142	IL
5T2A_B:130-132_282-286	137	142	IL
5MRC_A:1834-1845_1861-1864	138	143	IL
6HA1_A:1963-1974_1990-1993	138	143	IL
4WF9_X:1961-1972_1988-1991	138	143	IL
6ERI_AA:1948-1959_1975-1978	138	143	IL
5MRC_A:1757-1764_1786-1793	139	144	IL
3J79_A:3583-3591_3613-3619	139	144	IL
6HIX_AA:185-190_283-291	139	144	IL
5FDV_1B:24-28_56-59	140	145	IL
5OPT_E:38-41_518-522	140	145	IL
4IOA_Y:26-30_58-61	140	145	IL
6AZ1_1:38-41_514-518	140	145	IL
5T5H_H:40-45_97-101	141	146	IL
6AZ3_5:39-44_95-99	141	146	IL
4V8P_D1:1718-1722_1772-1777	141	146	IL
5XXB_1:3166-3171_3196-3200	141	146	IL
4AOB_A:18-21_31-37	141	146	KT
5TBW_1:1187-1194_1314-1319	142	147	IL
4V91_1:1187-1194_1314-1319	142	147	IL
6GAW_BA:929-940_956-959	142	147	IL
6AZ3_1:501-506_549-559	142	147	IL
6D9J_5:466-472_682-689	142	147	IL
4Y4O_2A:280-284_357-360	143	148	IL
3J9M_AA:1500-1504_1546-1549	143	148	IL
3JAN_4:117-120_230-234	143	148	IL
5G2X_A:434-438_443-447	143	148	IL
5MRC_A:1603-1608_1904-1906	143	148	IL
4IOA_X:1431-1435_1593-1597	143	148	HT
5O60_A:1748-1751_1762-1766	143	148	IL
4V5O_BA:41-47_423-425	143	148	IL
5XXB_1:1254-1258_1415-1419	143	148	IL
4V8P_D1:751-755_764-769	144	149	IL
5T5H_A:1773-1777_1923-1928	144	149	IL
4V9F_0:1570-1574_1622-1627	144	149	IL
6ERI_AA:1493-1498_1547-1551	144	149	IL
6AZ3_1:1640-1644_1737-1742	144	149	IL
3J7O_7:21-26_53-57	144	149	IL
4V5O_BA:1091-1093_1100-1101	145	150	IL
6AZ3_1:920-922_940-941	145	150	IL
3J7Q_5:2642-2643_2690-2692	145	150	IL
5XXB_1:959-961_979-980	145	150	IL
4V8P_D1:894-896_914-915	145	150	IL
6GAW_BA:285-287_304-305	145	150	IL
3P49_A:38-39_49-51	145	150	IL
5O60_A:40-41_522-524	145	150	IL
3NKB_B:47-48_55-57	145	150	IL
3J79_A:988-990_1008-1009	145	150	IL
4V5O_BA:1469-1470_1479-1481	145	150	IL
6HA1_A:1488-1490_1596-1597	145	150	IL
5V7Q_A:356-365_439-441	146	151	IL
5XY3_1:1583-1588_1593-1599	146	151	IL
3J79_B:72-78_98-103	146	151	SR
4Y4O_2A:42-43_434-436	147	152	IL
4Y4O_2A:862-863_913-915	147	152	IL
6ERI_AA:42-43_446-448	147	152	IL
5V7Q_A:43-44_523-525	147	152	IL
5V7Q_A:991-992_1042-1044	147	152	IL
5J7L_DA:43-44_434-436	147	152	IL
4V9F_0:956-957_1009-1011	147	152	IL
3J7P_S2:532-533_550-552	147	152	IL
6HA1_A:1448-1450_1637-1638	147	152	IL
6CHR_A:125-126_144-146	147	152	IL
4WF9_X:907-908_958-960	147	152	IL
6HA1_A:909-910_960-962	147	152	IL
5NGM_Aa:1413-1414_1508-1510	147	152	IL
4IOA_X:42-43_447-449	147	152	IL
4IOA_X:875-876_925-927	147	152	IL
3J79_A:1119-1120_1173-1175	147	152	IL
2GDI_X:23-25_35-36	147	152	IL
5O60_A:977-978_1028-1030	147	152	IL
6D9J_2:123-124_339-341	147	152	IL
4Y4O_2A:876-877_899-901	147	153	IL
6FYY_2:1305-1307_1316-1317	147	153	IL
4V5O_BA:1278-1280_1289-1290	147	153	IL
5OOL_A:2944-2946_2980-2981	147	153	IL
6GAW_BA:1075-1077_1139-1140	147	153	IL
6GAW_BA:1193-1194_1208-1210	147	153	IL
6GAW_BA:1280-1282_1316-1317	147	153	IL
4Y4O_2A:2401-2403_2414-2415	147	153	IL
6ERI_AA:2064-2066_2634-2635	147	153	IL
4V88_A6:1306-1308_1317-1318	147	153	IL
3OXE_A:35-36_68-70	147	153	IL
3P49_A:113-114_140-142	147	153	IL
5OOL_A:2713-2715_3104-3105	147	153	IL
3J7O_7:6-7_111-113	147	153	IL
3J7P_S2:1231-1233_1525-1526	147	153	IL
6DLR_A:21-22_39-41	147	153	IL
6D9J_2:1363-1365_1374-1375	147	153	IL
6HIW_CA:553-554_581-583	147	153	IL
6I0Y_V:29-31_39-41	147	153	IL
5XXB_1:2536-2538_2715-2718	148	154	IL
5V93_a:248-251_273-274	148	154	IL
5XXU_2:146-149_157-160	148	154	IL
5MRC_aa:839-843_869-870	148	154	IL
4V91_1:177-178_238-241	148	154	IL
5J7L_DA:2297-2299_2317-2321	148	154	IL
6D9J_2:152-155_163-166	148	154	IL
6HA1_A:1522-1525_1560-1563	148	154	IL
5MRC_A:1981-1983_2262-2265	148	154	IL
3JCS_3:67-71_144-149	149	155	IL
5T5H_E:66-70_143-148	149	155	IL
6AZ3_3:67-71_144-149	149	155	IL
5XYI_2:810-814_830-834	150	156	IL
3IGI_A:70-74_113-117	150	156	HT
2R8S_R:216-220_253-257	150	156	IL
3D2V_A:47-51_64-68	150	156	SR
6DME_A:11-14_40-45	150	156	IL
3J7Q_5:3927-3929_4181-4184	151	157	IL
5J7L_DA:2081-2083_2236-2239	151	157	IL
6D9J_5:3927-3929_4181-4184	151	157	IL
5AN9_N:2689-2691_2937-2940	151	157	IL
4V91_1:2423-2425_2604-2607	151	157	IL
5TBW_1:2423-2425_2604-2607	151	157	IL
3J79_A:2716-2718_2943-2946	151	157	IL
5OPT_E:1199-1203_1293-1300	152	158	IL
3J7Q_5:182-189_252-255	152	158	IL
6AZ1_1:1111-1115_1205-1212	152	158	IL
5NGM_Aa:1135-1140_1153-1160	152	158	IL
4V88_A6:486-491_496-501	152	158	IL
4KZD_R:25-29_53-63	153	159	IL
5OB3_A:18-22_45-55	153	159	IL
5V7Q_A:283-291_300-305	153	159	IL
3J9M_AA:976-980_1008-1012	154	160	IL
3P49_A:116-120_133-138	154	160	IL
1OOA_C:5-10_21-25	155	161	IL
5J7L_DA:2129-2136_2155-2159	155	161	IL
4V9F_0:937-940_1026-1033	155	161	KT
3NVK_K:6-9_16-22	155	161	IL
3NMU_E:14-17_24-30	155	161	KT
3NVI_F:5-8_15-21	155	161	KT
1RLG_D:5-8_15-21	155	161	KT
6D9J_5:4637-4640_4659-4662	156	162	IL
3J7Q_5:1357-1360_1378-1382	156	162	IL
6D9J_5:1357-1360_1379-1382	156	162	IL
6D9J_5:1905-1909_2067-2071	157	163	IL
3J7Q_5:1905-1909_2067-2071	157	163	IL
6GAW_BA:682-687_694-697	157	163	IL
4Y4O_2A:2124-2127_2161-2174	158	164	IL
1MZP_B:20-23_32-45	158	164	L1C
3U4M_B:2124-2127_2161-2174	158	164	L1C
6D9J_5:3969-3973_4038-4052	158	164	IL
4V91_1:2466-2469_2476-2489	158	164	IL
4V8P_D1:3043-3048_3073-3077	159	165	TS
6FYY_2:64-69_82-86	159	165	IL
4V88_A6:64-69_82-86	159	165	IL
3J7Q_5:2850-2855_3837-3840	160	166	IL
6D9J_5:2482-2486_2492-2496	160	166	IL
5V7Q_A:2376-2380_2385-2389	160	166	IL
4V8P_D1:1925-1930_2328-2331	160	166	IL
5O60_A:1571-1575_1596-1600	160	166	IL
5XYI_2:1084-1086_1239-1245	160	166	IL
4V9F_0:1367-1373_2052-2057	161	167	SR
5XXB_1:3131-3137_3142-3147	161	167	IL
4V91_1:3019-3025_3030-3035	161	167	IL
5TBW_1:3019-3025_3030-3035	161	167	IL
6HA1_A:191-196_205-211	161	167	IL
4V9F_0:210-216_224-229	161	167	SR
5J7L_DA:188-193_202-208	161	167	SR
4V9F_0:2689-2695_2700-2705	161	167	SR
3JCS_3:77-95_139-140	162	168	IL
6D9J_5:4400-4409_4433-4444	162	168	IL
6AZ1_1:717-723_729-738	162	168	IL
5V93_a:996-999_1016-1028	162	168	IL
5XXB_1:32-37_46-52	163	169	IL
1Y26_X:22-25_45-52	163	169	IL
1Y27_X:22-25_45-52	163	169	IL
4XNR_X:22-25_45-52	163	169	IL
5OPT_E:802-815_829-834	164	170	IL
5IT9_i:6034-6045_6082-6091	164	170	IL
4V92_AZ:6028-6039_6078-6087	164	170	IL
4V92_AZ:6100-6102_6113-6128	164	170	IL
3J7P_S2:1280-1291_1307-1317	164	170	IL
5OQL_2:115-128_186-190	164	170	IL
6AZ3_2:66-71_593-595	165	171	IL
3PDR_X:28-31_153-157	165	171	IL
5T5H_B:66-71_693-695	165	171	IL
5T2A_B:65-70_530-532	165	171	IL
5XXB_1:1788-1792_1848-1853	166	172	IL
5XXB_1:3415-3420_3448-3452	166	172	IL
3Q3Z_V:16-22_55-58	166	172	KT
3J7A_A:827-835_845-846	166	172	IL
1UN6_F:73-78_98-102	166	172	SR
5O60_A:2068-2072_2111-2115	167	173	IL
6FYY_2:1223-1229_1256-1258	167	173	IL
5V7Q_A:2085-2089_2125-2129	167	173	IL
6GAZ_AA:230-237_266-267	167	173	IL
5MRC_A:2954-2958_3054-3058	167	173	IL
6HA1_A:1303-1309_2040-2045	168	174	IL
4WF9_X:1301-1307_2038-2043	168	174	IL
3J7P_S2:1742-1746_1788-1792	169	175	IL
3J7A_A:1975-1979_2011-2015	169	175	IL
6D9J_2:1742-1746_1788-1792	169	175	IL
4WF9_X:1883-1887_1909-1913	169	175	EL
3J79_A:1800-1804_2028-2032	169	175	IL
4IOA_X:1848-1852_1865-1869	169	175	EL
6HA1_A:1885-1889_1911-1915	169	175	IL
5XXB_1:1739-1743_1908-1912	169	175	IL
3J9M_AA:1274-1277_1298-1301	170	176	IL
5J7L_DA:293-295_343-347	170	176	IL
5T5H_A:1935-1936_1948-1953	170	176	IL
6GAW_BA:1344-1346_1363-1367	170	176	IL
5OOL_A:2857-2860_2872-2875	170	176	EL
5MRC_A:2617-2620_2631-2634	170	176	TS
6GAZ_AA:629-632_652-655	170	176	IL
6AZ3_1:1749-1750_1762-1767	170	176	IL
6HA1_A:336-338_387-391	170	176	IL
5MRC_aa:1484-1487_1573-1576	170	176	IL
1U6B_B:56-59_85-88	170	176	TS
4KZD_R:11-14_71-74	170	176	TS
3DHS_A:347-351_378-382	171	177	IL
5V7Q_A:1955-1958_1970-1974	171	177	IL
5XXU_2:1676-1680_1710-1714	171	177	IL
4Y4O_2A:1856-1860_1882-1886	171	177	EL
2A64_A:284-288_297-301	171	177	EL
2A64_A:347-351_378-382	171	177	EL
3DHS_A:284-288_297-301	171	177	EL
6ERI_AA:547-550_564-567	172	178	IL
3IGI_A:267-270_283-286	172	178	IL
5J7L_DA:2807-2811_2889-2891	172	178	IL
3J7P_S2:189-192_207-210	172	178	IL
6AZ1_1:1966-1969_1980-1983	172	178	IL
4XWF_A:7-10_36-39	172	178	TS
5J7L_AA:1416-1419_1481-1484	172	178	TS
5J7L_DA:536-539_554-557	172	178	TS
4LFB_A:1416-1419_1481-1484	172	178	TS
6ERI_BA:1208-1211_1222-1225	172	178	IL
6ERI_BA:1366-1369_1431-1434	172	178	IL
3J7P_S2:528-529_555-557	173	179	IL
5OQL_1:1101-1102_1117-1119	173	179	IL
6ERI_BA:543-545_593-594	173	179	IL
6GAW_BA:1045-1047_1440-1441	173	179	IL
5OOL_A:2744-2746_2802-2803	173	179	IL
6FYY_2:516-517_532-534	173	179	IL
5V93_a:648-649_738-740	173	179	IL
4V88_A6:517-518_533-535	173	179	IL
5ZEB_a:637-638_727-729	173	179	IL
5O60_A:1695-1699_1735-1739	174	180	IL
4WF9_X:649-653_663-667	174	180	EL
6ERI_BA:529-533_706-710	174	180	IL
5XY3_1:2457-2461_2591-2597	175	181	IL
5XXB_1:1081-1086_1141-1146	175	181	IL
4CS1_A:3-10_13-17	176	182	IL
4V9F_0:77-81_93-100	176	182	KT
5FJ4_H:3-7_26-33	176	182	KT
5FJC_A:17-21_31-38	176	182	KT
4BW0_A:3-7_16-23	176	182	KT
3J9M_AA:1486-1488_1562-1565	177	183	IL
5OPT_E:2173-2175_2278-2281	177	183	IL
5LYS_B:33-35_74-78	177	183	IL
4LFB_A:1402-1404_1497-1500	177	183	IL
5ZEB_a:1385-1387_1481-1484	177	183	IL
3J7P_S2:491-495_508-509	177	183	IL
6HA1_a:1411-1413_1507-1510	177	183	IL
4WF9_X:42-44_480-483	177	183	IL
3J7A_A:1936-1938_2052-2055	177	183	IL
4V9F_0:1425-1429_1437-1439	177	183	CL
5XYI_2:374-378_391-392	177	183	IL
6D9J_2:491-495_508-509	177	183	IL
5XXU_2:1637-1639_1751-1754	177	183	IL
6GAW_BA:1290-1293_1303-1306	177	183	IL
5MRC_A:1745-1748_1803-1804	177	183	IL
5J7L_AA:1402-1404_1497-1500	177	183	IL
6AZ1_1:2059-2061_2163-2166	177	183	IL
6GAZ_AA:846-848_923-926	177	183	IL
5V7Q_A:2306-2308_2676-2680	177	183	IL
6GAZ_AA:190-194_208-209	177	183	IL
6GAZ_AA:339-341_352-355	177	183	IL
5XYI_2:1445-1447_1540-1543	177	183	IL
6ERI_BA:1074-1077_1094-1098	177	183	IL
6ERI_BA:1352-1354_1447-1450	177	183	IL
6D9J_2:1703-1705_1829-1832	177	183	IL
4V88_A6:1639-1641_1760-1763	177	183	IL
4V5O_BA:1611-1613_1713-1716	177	183	IL
6FYY_2:1637-1639_1758-1761	177	183	IL
3J7P_S2:1537-1540_1593-1595	177	183	IL
3J7P_S2:1703-1705_1829-1832	177	183	IL
5OOL_A:3120-3126_3131-3136	178	184	IL
3J7Q_5:4597-4603_4608-4613	178	184	IL
3J7P_S2:599-608_635-637	179	185	IL
3U4M_B:2110-2120_2178-2179	179	185	IL
6D9J_2:599-608_635-637	179	185	IL
1MZP_B:6-16_49-50	179	185	IL
4Y4O_2A:2110-2120_2178-2179	179	185	IL
4V91_1:2452-2462_2493-2494	179	185	IL
4WF9_X:1516-1521_1559-1564	179	185	IL
6HA1_a:1425-1428_1491-1494	180	186	IL
5XXB_1:1986-1991_2460-2462	180	186	IL
5NGM_Aa:1426-1429_1492-1495	180	186	IL
4V5O_BA:1197-1202_1229-1230	180	186	IL
5O60_A:623-626_646-649	180	186	IL
4WF9_X:581-584_597-600	180	186	TS
6HA1_A:582-585_598-601	180	186	IL
3J7Q_5:2832-2837_3851-3853	181	187	IL
6CHR_A:593-597_608-612	181	187	IL
4V8P_D1:1907-1912_2342-2344	181	187	IL
3J7A_A:1447-1450_1623-1626	182	188	IL
5OPT_E:1812-1815_1892-1895	182	188	IL
5XXU_2:23-26_599-601	182	188	IL
3PDR_X:23-26_159-162	182	188	IL
5J7L_DA:2104-2106_2183-2185	182	188	IL
6AZ1_1:1696-1699_1776-1779	182	188	IL
5VZL_B:36-39_49-51	182	188	IL
5T5H_A:1350-1353_1525-1528	182	188	IL
5MRC_aa:1104-1105_1231-1235	182	188	IL
5MRC_aa:1499-1502_1560-1562	182	188	IL
5XXB_1:123-124_148-153	182	188	IL
6ERI_AB:51-56_69-73	183	189	IL
5O60_A:3068-3073_3086-3090	183	189	IL
4V91_1:2520-2526_2584-2587	183	189	IL
5TBW_1:2520-2526_2584-2587	183	189	IL
6D9J_2:534-537_546-550	184	190	IL
6D9J_2:692-696_730-734	184	190	IL
5XY3_1:2693-2698_2728-2732	185	191	IL
4Y4O_2A:2847-2852_2865-2869	185	191	SR
5J7L_DA:2847-2852_2865-2869	185	191	SR
6HA1_a:74-76_92-95	186	192	IL
5OQL_1:2237-2239_2327-2329	186	192	IL
1MFQ_A:117-119_231-234	186	192	IL
5MRC_A:1366-1368_1397-1400	186	192	IL
5T5H_A:873-876_918-922	187	193	IL
6GAW_BA:395-399_412-416	187	193	IL
6GAW_BA:664-666_773-778	187	193	IL
6AZ3_1:776-779_802-806	187	193	IL
3J7Q_5:3781-3794_3806-3811	188	194	IL
3NPQ_A:13-16_31-48	188	194	IL
5T5H_B:875-880_909-1138	188	194	IL
6D9J_2:1541-1550_1582-1592	188	194	IL
6D9J_2:1550-1559_1576-1582	188	194	IL
3J7Q_5:1694-1725_1837-1842	188	194	IL
3J7P_S2:1542-1550_1582-1591	188	194	IL
3J7Q_5:1934-1944_2038-2052	189	195	rKT
5G2X_A:2447-2456_2465-2475	189	195	IL
6D9J_5:1934-1944_2038-2052	189	195	IL
3J7Q_5:4078-4081_4164-4168	190	196	IL
3J7P_S2:1415-1419_1428-1431	190	196	IL
6D9J_2:1099-1103_1129-1133	191	197	IL
6HA1_A:1396-1400_1409-1413	191	197	IL
3J7Q_5:2589-2593_2752-2756	191	197	IL
5J7L_DA:1357-1361_1370-1374	191	197	EL
6ERI_AA:1874-1877_1888-1892	191	197	IL
4IOA_X:1370-1374_1383-1387	191	197	EL
5O60_A:1472-1476_1485-1489	191	197	IL
6HA1_a:589-593_766-770	191	197	IL
3J7P_S2:1098-1102_1130-1134	191	197	IL
5V7Q_A:1488-1492_1501-1505	191	197	IL
6ERI_AA:2474-2476_2510-2511	192	198	IL
5O60_A:2681-2683_2717-2718	192	198	IL
4Y4O_2A:2457-2459_2493-2494	192	198	IL
4IOA_X:2436-2438_2472-2473	192	198	IL
5J7L_DA:2457-2459_2493-2494	192	198	IL
5O60_A:1312-1313_1362-1364	192	198	IL
5V7Q_A:2827-2830_2839-2843	193	199	IL
6HA1_a:49-54_367-369	193	199	IL
5NGM_Aa:48-53_367-369	193	199	IL
6HA1_A:1463-1467_1625-1628	193	199	IL
6GAZ_AA:110-115_135-142	194	200	IL
6GAZ_AA:491-498_509-514	194	200	IL
6G90_1:84-87_111-119	195	201	IL
5XXB_1:923-928_945-951	196	202	IL
5J7L_DA:702-707_724-730	196	202	EL
6ERI_AA:713-718_735-741	196	202	IL
4WF9_X:747-752_769-775	196	202	EL
3J79_A:952-957_974-980	196	202	IL
5XY3_1:559-564_581-587	196	202	IL
3J7P_S2:359-364_396-403	197	203	IL
6D9J_2:359-364_396-403	197	203	IL
4IOA_X:2718-2722_2742-2746	198	204	HT
5O60_A:2073-2077_2106-2110	198	204	IL
4V9F_0:2773-2777_2797-2801	198	204	HT
4Y4O_2A:2738-2742_2762-2766	198	204	HT
4V5O_BA:1649-1653_1672-1676	198	204	EL
5V7Q_A:2090-2094_2120-2124	198	204	IL
5XXB_3:71-78_98-104	199	205	IL
3J7O_7:71-78_98-104	199	205	SR
4V91_1:82-89_97-103	199	205	IL
6D9J_7:71-78_98-104	199	205	IL
5TBW_1:82-89_97-103	199	205	SR
3J7P_S2:534-537_546-549	200	206	IL
3J7Q_5:26-28_54-58	200	206	IL
4Y4O_2A:2467-2470_2480-2483	200	206	IL
4IOA_X:2446-2449_2459-2462	200	206	IL
5J7L_AA:203-207_212-214	200	206	IL
6HIX_AA:505-511_805-810	201	207	IL
5NGM_Aa:1265-1268_1287-1292	202	208	IL
5V7Q_A:1569-1573_1631-1635	202	208	IL
4QK8_A:26-30_95-99	202	208	IL
4V91_1:2835-2839_2849-2853	202	208	IL
5XY3_1:2291-2295_2305-2309	202	208	IL
5TBW_1:2835-2839_2849-2853	202	208	IL
4V8P_D1:1735-1741_1751-1757	203	209	KT
3J79_C:73-76_83-93	203	209	IL
4LFB_A:1440-1447_1459-1461	204	210	IL
6DLR_A:77-80_92-96	204	210	IL
5AN9_N:1229-1233_1249-1251	205	211	IL
4V91_1:1014-1018_1034-1036	205	211	IL
3J7A_A:883-886_916-919	205	211	IL
6D9J_2:108-111_350-353	205	211	IL
4V88_A6:652-653_677-682	205	211	IL
5OPT_E:359-364_396-403	206	212	IL
5OPT_E:713-721_741-745	206	212	IL
5XXU_2:1476-1482_1518-1525	206	212	IL
4IOA_X:1838-1841_1876-1877	207	213	CL
5V7Q_A:2080-2083_2131-2132	207	213	IL
5V7Q_B:29-30_50-53	207	213	IL
4V8P_C3:28-29_48-51	207	213	CL
4V9F_9:29-30_50-53	207	213	CL
5FDV_1B:30-31_51-54	207	213	CL
5OQL_1:137-139_199-201	207	213	IL
6AZ3_8:30-31_50-53	207	213	IL
6DZP_B:31-32_52-55	207	213	IL
6ERI_AA:1856-1859_1907-1908	207	213	IL
3Q1Q_B:126-127_148-151	207	213	IL
4M4O_B:26-28_39-41	207	213	IL
4M6D_H:26-28_39-41	207	213	IL
1U9S_A:133-134_164-167	207	213	IL
4WF9_Y:28-29_49-52	207	213	IL
5J7L_DA:1846-1849_1893-1894	207	213	CL
5J7L_DB:30-31_51-54	207	213	CL
5XJC_H:112-114_142-144	207	213	IL
5T5H_D:28-29_48-51	207	213	IL
3J79_B:28-29_48-51	207	213	IL
3J7O_7:28-29_48-51	207	213	IL
6AHD_H:112-114_142-144	207	213	IL
6DZI_B:31-32_52-55	207	213	IL
5XYM_B:31-32_52-55	207	213	IL
5O60_A:2063-2066_2117-2118	207	213	IL
6HA1_A:1875-1878_1922-1923	207	213	IL
6HA1_B:28-29_49-52	207	213	IL
6D9J_7:28-29_48-51	207	213	IL
4LFB_A:1158-1160_1176-1181	208	214	IL
5ZEB_a:1139-1141_1157-1162	208	214	IL
4V8P_D1:3195-3199_3212-3215	208	214	HT
5V93_a:1150-1152_1168-1173	208	214	IL
4V8P_D1:475-479_499-502	208	214	TS
6HA1_a:1167-1169_1185-1190	208	214	IL
5J7L_DA:1526-1529_1542-1546	208	214	TS
3JCS_5:39-43_104-107	208	214	IL
5J7L_AA:1158-1160_1176-1181	208	214	IL
5NGM_Aa:300-301_312-316	209	215	IL
6AZ3_2:451-455_482-483	209	215	IL
5TBW_1:1564-1566_1572-1575	209	215	IL
6AZ3_1:507-509_545-548	209	215	IL
6HA1_a:300-301_312-316	209	215	IL
6ERI_BA:412-413_442-446	209	215	IL
4IOA_X:877-881_921-924	210	216	CL
6HA1_A:911-915_956-959	210	216	IL
4WF9_X:909-913_954-957	210	216	CL
4Y4O_2A:864-868_909-912	210	216	CL
6ERI_AA:874-878_918-921	210	216	IL
6GAZ_AA:868-870_897-902	210	216	IL
5J7L_DA:864-868_909-912	210	216	CL
5GAH_1:38-43_66-68	210	216	IL
4V8P_D1:30-35_44-50	211	217	SR
4V9F_0:158-163_172-178	211	217	SR
3J7P_S2:24-29_645-650	211	217	IL
6D9J_2:676-682_1023-1029	211	217	IL
1M5K_B:23-27_54-61	211	217	IL
5XXU_2:1345-1349_1365-1371	211	217	IL
6FYY_2:143-148_164-170	211	217	IL
4WF9_X:191-196_205-211	211	217	IL
4V9F_0:1115-1121_1243-1248	211	217	IL
5T5H_A:1356-1363_1513-1522	211	217	IL
6FYY_2:1486-1492_1511-1516	211	217	IL
5TBW_1:1560-1563_1576-1579	212	218	IL
6D9J_5:739-743_921-923	212	218	IL
5AN9_N:3355-3361_3366-3371	213	219	IL
6ERI_AA:173-178_187-193	213	219	IL
5XY3_1:2473-2479_2484-2489	213	219	IL
3IVN_A:13-16_36-43	213	219	IL
4Y4O_2A:1018-1024_1140-1144	213	219	IL
5VT0_R:78-84_107-113	213	219	IL
6ERI_BA:214-219_249-256	213	219	IL
6ERI_AA:1046-1052_1167-1171	213	219	IL
4V91_1:1532-1536_1585-1590	214	220	IL
3OXE_A:38-42_61-66	214	220	IL
5TBW_1:1532-1536_1585-1590	214	220	HT
5XXB_1:1629-1633_1679-1684	214	220	IL
5T5H_G:27-31_163-169	215	221	IL
6AZ3_4:31-35_167-173	215	221	IL
5XY3_1:718-723_778-783	215	221	IL
3J7Q_5:4740-4746_4954-4959	215	221	IL
4V88_A6:746-747_802-805	216	222	CL
3J7A_A:417-419_426-428	216	222	IL
4V8P_D1:469-470_507-510	216	222	CL
5J7L_AA:70-73_97-98	216	222	IL
1S03_A:11-14_38-39	216	222	IL
1S03_B:11-14_38-39	216	222	IL
5OOL_A:2197-2200_2211-2212	216	222	IL
6GAW_BA:502-504_524-526	216	222	IL
6GAW_BA:531-534_545-546	216	222	IL
3IWN_A:51-54_71-72	216	222	IL
6FYY_2:410-412_419-421	216	222	IL
3MXH_R:61-64_76-77	216	222	IL
6HA1_a:606-607_649-652	216	222	IL
3J7A_A:881-883_919-921	216	222	IL
5ZWN_P:336-338_486-488	216	222	IL
5V93_a:73-76_92-93	216	222	IL
5ZEB_a:74-77_93-94	216	222	IL
1HC8_C:137-140_151-152	216	222	IL
5NGM_Aa:605-606_648-651	216	222	IL
5MRC_aa:1058-1061_1091-1092	216	222	IL
3J7P_S2:802-803_860-863	216	222	IL
3J79_A:3250-3251_3268-3271	217	223	IL
5XXB_1:3002-3003_3020-3023	217	223	IL
4V91_1:2891-2892_2909-2912	217	223	IL
3RW6_H:20-21_38-41	217	223	IL
6AZ3_2:1330-1331_1348-1351	217	223	IL
5XY3_1:2347-2348_2365-2368	217	223	IL
5AN9_N:3224-3225_3242-3245	217	223	IL
5NGM_Aa:69-71_98-100	217	223	IL
5XXU_2:892-896_907-914	218	224	IL
3RKF_C:22-25_45-52	218	224	IL
4FEN_B:22-26_44-52	218	224	IL
4V5O_BA:1459-1465_1485-1490	218	224	IL
6GAZ_AA:330-334_360-364	219	225	IL
5MRC_aa:1293-1297_1312-1316	219	225	IL
4Y4O_2A:481-484_496-509	220	226	IL
4V9F_0:487-490_502-515	220	226	IL
6HA1_A:528-531_542-555	220	226	IL
6ERI_BA:723-733_747-754	221	227	IL
6HA1_A:2153-2156_2190-2203	221	227	IL
5NGM_Aa:612-620_636-642	221	227	IL
6D9J_5:744-752_911-920	221	227	IL
5O60_A:2347-2350_2384-2397	222	228	IL
5V7Q_A:2032-2038_2047-2055	222	228	IL
5O60_A:2015-2021_2030-2038	222	228	IL
5XXB_1:384-387_398-410	222	228	IL
3J7P_S2:63-68_81-85	223	229	IL
6D9J_2:63-68_81-85	223	229	IL
4V8P_D1:1558-1562_1610-1615	223	229	HT
4FRN_B:6-14_75-76	223	229	IL
3J79_A:1681-1685_1728-1733	223	229	HT
6AZ1_1:64-69_80-84	223	229	IL
5OPT_E:64-69_79-83	223	229	IL
6D9J_5:2656-2662_2672-2678	224	230	IL
3J7Q_5:2656-2662_2672-2678	224	230	KT
3J79_A:1868-1874_1884-1890	224	230	KT
4LFB_A:1247-1253_1284-1290	225	231	IL
5O60_A:1540-1543_1627-1632	226	232	IL
6HA1_A:1880-1884_1916-1920	226	232	IL
5J7L_DA:2636-2640_2774-2782	227	233	IL
3D2V_A:10-13_26-36	227	233	TL
5TBW_1:1711-1717_1727-1733	227	233	KT
6ERI_BA:633-637_648-655	227	233	IL
4V91_1:1711-1717_1727-1733	227	233	IL
4V9F_0:1312-1319_1338-1342	227	233	KT
4Y4O_2A:1208-1215_1234-1238	227	233	KT
4GMA_Z:93-97_143-150	227	233	KT
6GAZ_AA:749-754_773-778	228	234	IL
5O60_A:1161-1168_1227-1230	228	234	IL
4V5O_BA:63-67_78-82	229	235	HT
6HA1_A:922-926_945-949	229	235	IL
6AZ3_7:122-126_137-141	229	235	IL
2IL9_A:6102-6106_6134-6138	229	235	IL
5XY3_1:891-895_1050-1054	229	235	IL
3J9M_AA:1278-1279_1289-1297	230	236	IL
5ML7_B:2170-2177_2202-2204	230	236	IL
4V9F_0:1578-1582_1613-1618	231	237	IL
6ERI_BA:464-470_477-485	232	238	IL
5MRC_aa:629-635_642-650	232	238	IL
4V9F_0:1587-1592_1602-1608	233	239	KT
6ERI_AA:1229-1236_1255-1259	233	239	IL
5XYI_2:1475-1478_1509-1512	234	240	IL
4V5O_BA:1640-1643_1682-1685	234	240	TS
5XXU_2:1667-1670_1720-1723	234	240	IL
5MRC_A:735-738_858-860	234	240	IL
5O60_A:374-376_425-429	234	240	IL
3J7A_A:1966-1969_2021-2024	234	240	TS
5U3G_B:60-66_78-80	235	241	IL
4V9F_0:705-709_719-723	235	241	EL
5XXB_1:809-812_832-836	235	241	IL
5V93_a:495-502_531-532	235	241	IL
4LFB_A:504-511_540-541	235	241	RS
5ZEB_a:484-491_520-521	235	241	IL
4IOA_X:1789-1795_1805-1813	236	242	KT
6ERI_AA:1808-1814_1823-1831	236	242	IL
4Y4O_2A:738-740_757-758	237	243	IL
5OOL_A:1948-1950_1967-1968	237	243	IL
4IOA_X:751-753_770-771	237	243	IL
5MRC_A:629-631_648-649	237	243	IL
4V91_1:869-871_889-890	237	243	IL
3J7Q_5:1586-1588_1606-1607	237	243	IL
5J7L_DA:1043-1050_1109-1112	238	244	KT
4GXY_A:82-86_139-146	238	244	KT
4WF9_X:1087-1094_1153-1156	238	244	IL
3KTW_C:201-206_217-222	238	244	IL
4LFB_A:594-596_644-645	239	245	IL
5T2A_B:78-80_521-523	239	245	IL
5FLX_z:230-232_235-237	239	245	IL
6F4H_D:1-3_20-22	239	245	IL
5V7Q_A:2071-2074_2140-2141	239	245	IL
4UYK_R:77-79_122-124	239	245	IL
6D9J_5:4739-4743_4957-4961	239	245	IL
5CCB_N:0-1_72-75	239	245	IL
6ERI_BA:608-610_693-695	239	245	IL
5O60_A:2054-2057_2126-2127	239	245	IL
6AZ3_2:79-81_584-586	239	245	IL
5J7L_AA:144-146_176-178	239	245	IL
5J7L_DA:1837-1840_1902-1903	239	245	IL
6AZ1_1:1642-1644_1675-1677	239	245	IL
2CSX_C:3-5_68-70	239	245	IL
5MRC_bb:50-52_62-64	239	245	IL
3J7Q_5:1081-1082_1217-1219	239	245	IL
3J9M_AA:762-765_777-778	239	245	IL
6FYY_2:708-711_727-730	239	245	IL
6GAZ_AA:116-119_133-134	239	245	IL
5IB8_1L:2-5_68-71	239	245	IL
5IBB_1L:2-5_68-71	239	245	IL
4WF9_X:1243-1245_1277-1279	239	245	IL
5T5H_A:1007-1009_1018-1020	239	245	IL
5T5H_B:79-81_684-686	239	245	IL
3J7P_S2:117-121_343-346	239	245	IL
6ERI_BA:129-131_161-163	239	245	IL
6HA1_A:1866-1869_1931-1932	239	245	IL
5ZEB_a:574-576_624-625	239	245	IL
6HA1_B:21-26_57-58	239	245	IL
5V7Q_A:1191-1194_1202-1205	239	245	IL
5J7L_DA:1024-1030_1124-1140	240	246	rKT
5O60_A:1142-1148_1242-1258	240	246	IL
3J7Q_5:4755-4765_4869-4878	240	246	IL
5V7Q_A:1153-1159_1253-1269	240	246	IL
5J7L_DA:1669-1674_1990-1993	241	247	IL
3K0J_E:59-63_76-80	241	247	SR
2GDI_X:59-63_76-80	241	247	SR
5O60_A:2352-2359_2378-2382	242	248	IL
6HA1_A:1248-1255_1274-1278	242	248	IL
4WF9_X:1246-1253_1272-1276	242	248	KT
4LCK_F:16-23_83-90	243	249	SR
4LFB_A:409-416_427-433	243	249	SR
4V5O_BA:1083-1090_1102-1107	243	249	SR
5NGM_Aa:417-425_435-441	243	249	IL
5MRC_A:58-63_407-413	243	249	IL
3DIL_A:22-30_63-70	243	249	SR
3J7A_A:1212-1219_1230-1235	243	249	SR
3D0U_A:20-27_60-66	243	249	SR
6HA1_a:417-424_435-441	243	249	IL
5J7L_AA:409-416_427-433	243	249	SR
3J79_A:529-533_619-626	244	250	IL
4V91_1:1703-1706_1738-1742	245	251	IL
5XY3_1:1374-1378_1415-1418	245	251	IL
4V5O_BA:1317-1320_1347-1350	245	251	IL
3J7A_A:120-123_302-304	245	251	IL
6D9J_2:1291-1294_1305-1308	245	251	IL
6D9J_2:1402-1405_1441-1444	245	251	IL
5TBW_1:1703-1706_1738-1742	245	251	IL
4V9F_0:2864-2869_2888-2892	246	252	SR
3J79_A:3406-3411_3416-3420	246	252	IL
5OQL_2:80-86_263-266	246	252	IL
5O60_A:2330-2333_2402-2405	247	253	IL
3J79_A:1908-1911_1958-1961	247	253	IL
4M6D_H:28-30_35-39	247	253	IL
5XY3_1:731-734_767-770	247	253	IL
3SIU_F:33-39_47-50	248	254	KT
3J7A_A:521-523_543-550	248	254	IL
6ERI_BA:418-422_432-437	248	254	IL
3JCS_3:104-111_121-130	249	255	IL
4V8P_D1:2811-2818_2846-2855	249	255	IL
5XXB_1:2934-2941_2969-2978	249	255	IL
6AZ3_2:1262-1269_1297-1306	249	255	IL
5OQL_1:1479-1484_1495-1503	249	255	IL
5AN9_N:3156-3163_3191-3200	249	255	IL
5T2A_B:1197-1204_1232-1241	249	255	IL
3J7Q_5:4400-4407_4435-4444	249	255	IL
3J79_A:3182-3189_3217-3226	249	255	IL
4Y4O_2A:1004-1011_1150-1151	250	256	RS
5V7Q_A:1133-1140_1280-1281	250	256	IL
3J7Q_5:745-755_908-919	251	257	IL
6FYY_2:982-993_1009-1017	251	257	IL
5J7L_AA:446-450_483-488	252	258	IL
4GXY_A:76-80_148-153	252	258	IL
5OQL_1:1136-1143_1152-1168	253	259	IL
1NBS_B:184-197_216-226	253	259	IL
4IOA_X:1035-1041_1135-1150	253	259	rKT
5G2X_A:73-79_99-113	253	259	IL
5ZEB_B:19-29_55-65	253	259	IL
6AHU_A:141-155_240-249	253	259	IL
6D9J_5:732-737_926-937	253	259	IL
3J9M_AA:876-883_912-913	254	260	IL
3J79_A:827-831_863-868	254	260	IL
5XY3_1:455-459_471-475	254	260	IL
5G2X_A:124-127_154-158	255	261	IL
5V7Q_A:1675-1678_1788-1792	255	261	IL
5J7L_DA:1468-1471_1520-1524	255	261	IL
5O60_A:1658-1661_1771-1775	255	261	IL
5O60_A:1689-1692_1742-1746	255	261	IL
4V91_1:992-997_1052-1057	256	262	IL
5TBW_1:992-997_1052-1057	256	262	IL
5XY3_1:81-87_95-100	256	262	IL
5OOL_A:2478-2485_2650-2653	257	263	IL
4V8P_D1:450-455_523-527	257	263	IL
6FZ0_A:24-29_39-43	257	263	IL
4V9F_0:567-571_586-591	257	263	SR
5T5H_A:1372-1381_1502-1507	257	263	IL
5OPT_E:2211-2215_2237-2241	258	264	IL
4V8P_D1:2993-2996_3128-3133	258	264	TS
6AZ1_1:2097-2101_2122-2126	258	264	IL
3J7A_A:1258-1261_1914-1918	259	265	CL
3J7P_S2:1214-1217_1681-1685	259	265	CL
4V88_A6:1157-1160_1617-1621	259	265	CL
5OPT_E:1625-1628_2151-2155	259	265	IL
6FYY_2:1156-1159_1615-1619	259	265	IL
5OQL_1:1741-1744_2200-2204	259	265	IL
5OOL_A:2058-2062_2077-2081	259	265	IL
5XXB_3:32-36_41-45	259	265	IL
5XXU_2:1152-1155_1615-1619	259	265	IL
6AZ1_1:1509-1512_2037-2041	259	265	IL
6D9J_2:1214-1217_1681-1685	259	265	IL
6D9J_5:1551-1555_1572-1576	260	266	IL
4UYK_R:86-90_111-115	260	266	EL
4GMA_Z:97-101_139-143	260	266	IL
3J7Q_5:1551-1555_1572-1576	260	266	IL
5OPT_E:1230-1234_1245-1252	261	267	IL
6AZ1_1:1142-1146_1157-1164	261	267	IL
1YLS_B:211-216_229-235	261	267	IL
4IOA_X:1029-1035_1150-1155	261	267	IL
6D9J_2:130-144_175-182	261	267	IL
5V7Q_A:636-637_645-647	262	268	IL
3J9M_AA:1175-1176_1477-1479	262	268	IL
5J7L_AA:1440-1442_1460-1461	262	268	IL
6ERI_Ax:30-31_52-54	262	268	IL
3J79_A:1823-1824_2001-2003	262	268	IL
6D9J_5:3954-3956_4057-4058	262	268	IL
1XJR_A:13-14_37-39	262	268	IL
5AN9_N:2658-2660_3319-3320	262	268	IL
5WT1_C:26-27_43-45	262	268	IL
5ZEB_a:77-78_91-93	262	268	IL
5MRC_aa:1419-1421_1439-1440	262	268	IL
4V5O_BA:477-478_493-495	262	268	IL
5J7L_DA:481-484_496-509	263	269	IL
4IOA_X:492-495_506-519	263	269	IL
3J7Q_5:5003-5010_5038-5044	264	270	IL
5XXB_1:82-89_97-103	264	270	IL
5XXU_2:64-69_81-85	265	271	IL
3J79_A:1121-1126_1169-1172	265	271	IL
5XTM_B:9-14_35-38	265	271	IL
6AZ3_1:1050-1055_1097-1100	265	271	IL
5MRC_A:2902-2906_3112-3116	265	271	IL
4V9F_0:830-832_850-851	266	272	IL
5XXU_2:117-119_297-298	266	272	IL
4V88_A6:118-120_297-298	266	272	IL
4V91_1:2450-2452_2494-2496	266	272	IL
5XYI_2:107-109_229-230	266	272	IL
4LFB_A:1431-1435_1466-1469	267	273	TS
6HA1_A:1573-1576_1590-1594	267	273	IL
3J7Q_5:4081-4088_4161-4164	268	274	IL
6D9J_5:4081-4088_4161-4165	268	274	IL
3J7Q_5:2643-2648_2685-2690	268	274	IL
4V9F_0:1907-1912_1927-1932	269	275	IL
5XY3_1:1728-1733_1746-1751	269	275	IL
2R8S_R:134-136_182-189	269	275	IL
3J79_A:3390-3393_3524-3530	269	275	IL
4V9F_0:1975-1986_2002-2005	270	276	IL
6AZ3_3:105-114_124-129	270	276	IL
3J7A_A:963-968_979-987	270	276	KT
5XXB_1:476-483_517-526	270	276	IL
5T5H_A:421-424_435-448	271	277	IL
2Z75_B:101-108_123-131	271	277	IL
5TBW_AS:72-80_100-106	271	277	SR
4V91_3:72-80_100-106	271	277	IL
6HA1_A:1827-1833_1842-1850	271	277	IL
4LFB_A:605-611_629-633	272	278	IL
4V91_1:1218-1226_1283-1287	273	279	IL
5J7L_DA:1798-1804_1813-1821	273	279	KT
5TBW_1:1218-1226_1283-1287	273	279	KT
4JRC_B:37-46_68-69	274	280	IL
3Q1Q_B:227-233_261-267	274	280	IL
4Y4O_2A:2129-2137_2154-2159	274	280	IL
4MGN_A:37-46_68-69	274	280	IL
2Z75_B:85-96_136-139	274	280	IL
6ERI_BA:1107-1111_1123-1130	274	280	IL
3J9M_AA:729-732_742-744	275	281	IL
5J7L_AA:371-375_389-390	275	281	IL
5MRC_aa:375-379_393-394	275	281	IL
5ZEB_a:371-375_389-390	275	281	IL
5XYI_2:293-295_306-312	276	282	IL
5XYI_2:1302-1306_1317-1321	276	282	IL
5OPT_E:2073-2079_2098-2105	277	283	IL
3J79_A:1323-1333_1427-1441	278	284	rKT
6GAW_BA:4-8_132-147	278	284	IL
6AGB_A:203-216_241-250	278	284	IL
5XXB_1:1282-1292_1386-1400	278	284	IL
6HA1_a:1256-1262_1293-1299	279	285	IL
6ERI_BA:1196-1202_1233-1239	279	285	IL
4V5O_BA:734-742_774-782	280	286	IL
4V5O_BA:1451-1458_1491-1499	280	286	IL
4LCK_F:37-47_69-71	281	287	IL
5V7Q_A:1556-1561_1642-1649	281	287	IL
6AZ3_4:46-53_58-64	281	287	IL
4V8P_D1:2152-2157_2168-2175	281	287	KT
6CB3_B:7-14_91-96	282	288	IL
4Y1J_A:7-14_91-96	282	288	IL
3J79_A:1114-1119_1175-1180	283	289	CL
4V9F_0:1456-1460_1483-1489	283	289	HT
5XY3_1:531-535_658-665	283	289	IL
6FYY_2:745-747_801-805	284	290	IL
3J79_A:3433-3437_3476-3478	284	290	IL
5T5H_A:1780-1782_1793-1920	285	291	IL
5MRC_A:1705-1711_1721-1729	285	291	KT
5XYI_2:1290-1297_1327-1334	285	291	IL
4V9F_0:958-963_1005-1008	286	292	CL
4LFB_A:450-455_477-483	287	293	IL
6GAW_BA:1455-1461_1466-1471	287	293	IL
4V9F_0:765-769_892-899	287	293	SR
5O60_A:1378-1384_2235-2240	288	294	IL
5V7Q_A:1394-1400_2249-2254	288	294	IL
5J7L_DA:876-879_898-901	289	295	IL
6GAZ_AA:82-85_97-100	289	295	IL
5V7Q_A:1947-1951_1978-1980	290	296	IL
5MRC_A:433-436_453-456	290	296	IL
5J7L_DB:24-28_56-59	291	297	IL
5OQL_1:359-362_405-409	291	297	IL
5XY3_1:1214-1218_1226-1228	292	298	IL
3J79_A:1650-1654_1662-1664	292	298	IL
5GAN_W:33-35_46-50	292	298	IL
4V88_A6:704-707_731-734	292	298	IL
5T2A_B:703-709_945-949	293	299	IL
6AZ3_2:766-772_1010-1014	293	299	IL
5T5H_B:866-872_1141-1145	293	299	IL
5D8H_A:1153-1160_1219-1222	294	300	IL
4V8P_D1:1245-1252_1311-1314	294	300	KT
5J7L_DB:34-38_44-48	295	301	IL
4IOA_Y:36-40_46-50	295	301	IL
1MJI_D:34-38_44-48	295	301	IL
5NS3_C:34-38_44-48	295	301	IL
4V9F_0:1101-1108_1254-1255	295	301	RS
5O60_A:1937-1942_1952-1957	296	302	IL
6HA1_A:1089-1096_1155-1158	296	302	IL
4IOA_X:1098-1103_1110-1113	297	303	IL
1J2B_C:926-929_943-947	297	303	IL
6D9J_5:3950-3952_4060-4062	298	304	IL
3CZW_X:7-9_10-12	298	304	IL
3D0M_X:7-9_10-12	298	304	IL
6FYY_2:149-151_161-163	298	304	IL
3J7Q_5:731-735_928-938	299	305	IL
6D9J_7:21-28_51-57	299	305	IL
4V88_A6:311-316_348-355	300	306	KT
6AZ3_1:30-35_44-50	300	306	IL
6FYY_2:310-315_347-354	300	306	IL
5ML7_B:2165-2168_2206-2219	301	307	IL
4WF9_X:527-530_541-554	301	307	IL
6AZ3_1:417-420_431-444	301	307	IL
5ZEB_a:1104-1108_1125-1130	302	308	IL
5V93_a:1115-1119_1136-1141	302	308	IL
4IOA_X:2666-2670_2698-2702	302	308	IL
4IOA_X:81-84_96-102	302	308	KT
4Y4O_2A:1058-1063_1075-1080	302	308	IL
4IOA_X:2822-2827_2840-2844	302	308	SR
4V9F_9:33-37_43-47	303	309	IL
6HA1_A:1050-1057_1196-1197	303	309	IL
5J7L_DA:1004-1011_1150-1151	303	309	RS
5ZEB_a:1228-1234_1265-1272	304	310	IL
5V93_a:1239-1245_1276-1282	304	310	IL
3J79_A:2449-2455_2466-2473	304	310	KT
5O60_A:1434-1438_1446-1448	305	311	IL
5V7Q_A:1450-1454_1462-1464	305	311	IL
5XXU_2:38-41_466-470	306	312	IL
4V5O_BA:37-40_458-462	306	312	TS
4V8P_D1:571-574_594-598	306	312	TS
5XY3_1:725-729_772-775	306	312	IL
6D3P_A:6-9_32-36	306	312	IL
2R8S_R:112-116_205-208	306	312	TS
5OQL_2:87-95_258-262	307	313	IL
5MRC_aa:952-959_970-975	307	313	IL
6D9J_5:3714-3720_3733-3739	307	313	IL
5V93_a:880-887_898-903	307	313	IL
5J7L_AA:887-894_905-910	307	313	SR
5ZEB_a:869-876_887-892	307	313	IL
3J9M_AA:1244-1252_1340-1345	308	314	IL
5XXB_1:578-584_627-632	308	314	IL
3Q1Q_B:237-240_253-257	309	315	IL
5MRC_aa:990-994_1456-1459	309	315	IL
5XXB_1:467-471_530-535	309	315	IL
4V5O_BA:743-758_768-773	310	316	IL
5NGM_Aa:73-82_87-96	310	316	IL
5XYI_2:920-927_938-943	311	317	IL
6D9J_5:1957-1965_2022-2026	311	317	IL
5V7Q_A:3082-3087_3100-3104	312	318	IL
5J7L_DA:1474-1478_1513-1517	312	318	EL
4LFB_A:580-584_757-761	312	318	EL
4V8P_D1:2418-2421_2592-2596	312	318	IL
6ERI_AA:292-296_363-367	313	319	IL
4LFB_A:1124-1127_1145-1149	313	319	IL
4WF9_X:2707-2711_2752-2754	313	319	CL
4Y4O_2A:2680-2684_2725-2727	313	319	CL
3J79_A:1530-1533_1570-1574	313	319	IL
6HA1_a:1134-1137_1154-1158	313	319	IL
6FRK_1:56-60_287-290	314	320	IL
3J7A_A:1635-1637_1653-1658	314	320	IL
3IGI_A:172-175_190-194	314	320	TS
5T5H_A:1612-1620_1638-1644	315	321	IL
6AZ3_1:1479-1487_1505-1511	315	321	IL
5AN9_N:1404-1408_1564-1568	316	322	IL
4V9F_0:1095-1099_1257-1261	316	322	HT
2GDI_X:20-21_38-45	316	322	TL
5MRC_aa:844-848_864-868	316	322	IL
4WF9_X:1878-1882_1914-1918	316	322	IL
4IOA_X:1843-1847_1870-1874	316	322	IL
3J7A_A:1059-1063_1079-1083	316	322	EL
3K0J_E:15-16_38-45	316	322	IL
4WF9_X:1695-1700_2031-2033	317	323	IL
6ERI_AA:1687-1692_2018-2020	317	323	IL
3J79_A:197-201_210-213	318	324	IL
5T5H_D:32-36_41-45	319	325	IL
6D9J_7:32-36_41-45	319	325	IL
6AZ3_3:37-41_182-186	319	325	IL
6AZ3_8:34-38_43-47	319	325	IL
3J7O_7:32-36_41-45	319	325	IL
4WF9_Y:21-26_57-58	320	326	IL
6D9J_5:4243-4245_4263-4267	320	326	IL
5T5H_H:62-65_90-93	320	326	IL
5XYI_2:142-145_155-158	320	326	IL
3J7Q_5:4243-4245_4263-4267	320	326	IL
6D9J_5:1173-1176_1185-1188	320	326	IL
6D9J_5:3660-3665_3677-3684	321	327	IL
5J7L_DA:1208-1215_1234-1238	321	327	KT
3J7Q_5:3660-3665_3677-3684	321	327	KT
3U4M_B:2129-2136_2155-2159	321	327	KT
1Q96_A:6-13_18-24	322	328	IL
5IT9_i:6130-6138_6150-6156	322	328	IL
5X2G_B:62-70_84-89	322	328	IL
3J79_A:3115-3124_3136-3143	322	328	IL
5XXB_1:2633-2639_2695-2698	323	329	IL
6D9J_5:5004-5009_5039-5043	323	329	IL
5XXU_2:982-986_1012-1013	324	330	IL
6D9J_5:1586-1589_1605-1607	324	330	IL
4QK9_A:43-44_93-96	324	330	IL
4QLM_A:39-40_91-94	324	330	IL
6D9J_2:1756-1758_1774-1776	324	330	IL
5V93_a:291-292_303-307	324	330	IL
6ERI_BA:630-632_656-658	324	330	IL
5XXB_1:3272-3274_3373-3375	324	330	IL
4W29_AX:49-51_63-65	324	330	IL
4W90_C:58-59_96-99	324	330	IL
3J7P_S2:879-881_905-907	324	330	IL
4V91_1:532-538_553-560	325	331	IL
5MRC_A:1237-1244_1268-1275	325	331	IL
5TBW_1:532-538_553-560	325	331	IL
4V9F_0:1191-1194_1205-1206	326	332	IL
5MRC_A:537-539_546-548	326	332	IL
5XXU_2:1642-1644_1745-1748	327	333	IL
4V9F_0:2122-2124_2269-2272	327	333	IL
4Y4O_2A:2081-2083_2236-2239	327	333	IL
5V7Q_A:2318-2320_2474-2477	327	333	IL
5V7Q_A:986-991_1044-1049	328	334	IL
4WF9_X:902-907_960-965	328	334	IL
5O60_A:972-977_1030-1035	328	334	IL
5J7L_DA:857-862_915-920	328	334	CL
2OIU_P:21-25_36-40	329	335	IL
2OIU_Q:21-25_36-40	329	335	IL
6ERI_BA:1204-1207_1226-1231	329	335	IL
5XXU_2:480-482_504-507	330	336	IL
4V9F_9:27-28_54-58	330	336	IL
5XXB_3:26-27_52-56	330	336	IL
5MRC_A:1230-1232_1280-1283	330	336	IL
4WF9_Y:26-27_53-57	330	336	IL
6AZ3_8:28-29_54-58	330	336	IL
5XY3_1:1914-1916_2436-2439	330	336	IL
4V8P_C3:26-27_52-56	330	336	IL
4V91_3:26-27_53-57	330	336	IL
5TBW_AS:26-27_53-57	330	336	IL
5T5H_D:26-27_52-56	330	336	IL
3J79_B:26-27_52-56	330	336	IL
5XY3_3:25-26_52-56	330	336	IL
5NGM_Aa:54-57_364-366	330	336	IL
6HA1_B:26-27_53-57	330	336	IL
5OPT_E:1320-1324_1350-1351	331	337	IL
4QK8_A:37-40_89-91	331	337	IL
6ERI_BA:264-265_276-280	331	337	IL
3J7Q_5:4579-4582_4721-4723	331	337	IL
5AN9_N:3439-3443_3463-3467	333	339	IL
5XY3_1:2554-2558_2579-2583	333	339	IL
3J7A_A:64-68_84-88	333	339	IL
5MRC_A:3074-3078_3099-3103	333	339	HT
5MRC_A:924-928_1173-1177	333	339	HT
5J7L_AA:68-69_99-101	334	340	IL
5V93_a:71-72_94-96	334	340	IL
3J7Q_5:1541-1544_1615-1618	334	340	IL
5ZEB_a:72-73_95-97	334	340	IL
4LFB_A:148-153_168-174	335	341	IL
3J7A_A:141-147_163-170	335	341	IL
5OQL_1:728-733_749-756	335	341	IL
5OQL_1:895-900_932-939	335	341	IL
3JBV_W:28-31_39-43	336	342	IL
4V9F_9:21-27_58-59	336	342	IL
5G2X_A:552-559_571-584	337	343	IL
3RW6_H:11-18_43-50	337	343	KT
6AZ3_2:1199-1212_1226-1227	338	344	IL
5T2A_B:1134-1147_1161-1162	338	344	IL
4V8P_D1:3007-3014_3019-3025	339	345	IL
4V88_A6:1480-1487_1519-1527	339	345	IL
4WF9_X:241-248_256-262	339	345	IL
5G2X_A:8-16_383-389	339	345	IL
6FYY_2:1478-1485_1517-1525	339	345	IL
4V5O_BA:302-307_339-346	340	346	KT
4V8P_D1:1214-1221_1341-1346	340	346	IL
5XXB_1:1274-1281_1401-1406	340	346	IL
3J7Q_5:4638-4640_4659-4661	341	347	IL
3IGI_A:10-14_257-262	342	348	IL
6CB3_B:38-46_59-60	342	348	IL
5XYI_2:1298-1302_1321-1326	342	348	IL
5XY3_1:1560-1562_1856-1858	343	349	IL
3Q1Q_B:103-107_209-210	343	349	IL
6ERI_AA:1441-1442_1611-1614	343	349	IL
6HA1_a:1449-1452_1469-1471	344	350	IL
5O60_A:2304-2306_2460-2463	344	350	IL
5NGM_Aa:1450-1453_1470-1472	344	350	IL
4Y4O_2A:1433-1435_1557-1560	344	350	IL
4GXY_A:95-103_128-130	345	351	IL
5O60_A:2158-2169_2185-2188	346	352	IL
4Y4O_2A:1934-1945_1961-1964	346	352	IL
5J7L_DA:1934-1945_1961-1964	346	352	IL
5V7Q_A:2172-2183_2199-2202	346	352	IL
6AZ3_1:1246-1255_1376-1381	346	352	IL
6D9J_5:4625-4629_4669-4672	347	353	IL
5AN9_N:3383-3387_3427-3430	347	353	IL
5XXB_1:3159-3163_3203-3206	347	353	IL
6ERI_Ax:35-38_44-48	347	353	IL
3J7Q_5:4625-4629_4669-4672	347	353	IL
4IOA_X:1015-1022_1161-1162	347	353	RS
5O60_A:1930-1934_1960-1963	348	354	IL
5V7Q_A:81-85_98-105	349	355	IL
4Y4O_2A:81-85_97-105	349	355	KT
6AZ1_1:1881-1888_1936-1944	350	356	IL
3J7P_S2:940-941_985-1002	350	356	IL
4V8P_D1:375-378_389-400	351	357	IL
6D9J_5:31-37_44-51	352	358	IL
3J7Q_5:31-37_44-51	352	358	SR
4WF9_X:1451-1460_1628-1632	352	358	IL
4Y4O_2A:2687-2691_2718-2722	353	359	IL
6D9J_2:1091-1093_1152-1158	353	359	IL
4V9F_0:2492-2495_2525-2529	353	359	IL
5TBW_1:1540-1542_1551-1557	353	359	IL
6AZ3_4:82-87_112-116	353	359	IL
4V8P_D1:1018-1023_1078-1083	354	360	CL
6GAW_BA:719-731_734-737	355	361	IL
3J79_A:3724-3729_3759-3763	356	362	SR
5J7L_DA:1712-1718_1742-1746	356	362	SR
6FYY_2:1229-1230_1253-1256	357	363	IL
4V5O_BA:1202-1203_1226-1229	357	363	IL
5XXU_2:1225-1226_1249-1252	357	363	IL
6ERI_BA:1070-1072_1100-1102	357	363	IL
4V5O_BA:200-201_256-259	357	363	IL
3J7P_S2:1407-1413_1433-1439	358	364	IL
3J7P_S2:1550-1558_1577-1582	358	364	IL
6FYY_2:1344-1347_1375-1378	359	365	IL
4V91_1:1167-1171_1328-1332	359	365	IL
4V88_A6:1345-1348_1377-1380	359	365	IL
3J9M_AA:946-950_1044-1049	359	365	IL
6GAZ_AA:301-305_397-401	359	365	IL
4V88_A6:895-899_910-917	360	366	KT
6FYY_2:894-898_909-916	360	366	IL
5XYI_2:243-248_278-285	361	367	IL
3J7Q_5:466-472_682-688	361	367	IL
4V9F_0:1854-1859_1870-1877	361	367	KT
5XXB_1:3291-3299_3309-3314	361	367	IL
6HIW_CA:230-236_243-251	361	367	IL
6FYY_2:703-708_730-735	362	368	IL
4V9F_0:1147-1154_1213-1216	362	368	KT
3SKI_A:31-34_52-59	363	369	IL
3SKL_B:30-33_51-58	363	369	IL
6AZ1_1:1959-1963_1986-1991	363	369	IL
4WF9_X:889-893_975-978	364	370	IL
3J79_A:1759-1762_2090-2095	364	370	IL
4V8P_D1:121-122_144-149	364	370	IL
6HA1_A:1483-1486_1599-1603	364	370	IL
3J7P_S2:1720-1722_1812-1813	365	371	IL
4WF9_X:2484-2486_2520-2521	365	371	IL
4R4V_A:608-609_776-778	365	371	IL
5TBW_1:870-872_888-889	365	371	IL
5XXB_1:3116-3119_3251-3257	366	372	IL
5ZEB_a:446-450_463-468	366	372	IL
3JCS_3:28-33_192-203	367	373	IL
5MRC_aa:1278-1287_1324-1331	367	373	IL
5MRC_A:950-957_1091-1105	367	373	rKT
5XYI_2:1196-1199_1215-1221	369	375	IL
5XYI_2:1448-1452_1534-1539	369	375	IL
5MRC_A:113-120_141-145	370	376	IL
4V91_1:517-525_567-573	371	377	IL
5TBW_1:517-525_567-573	371	377	IL
5V7Q_A:1711-1716_1752-1757	372	378	IL
6HA1_a:613-619_639-643	372	378	IL
5NGM_Aa:1417-1418_1503-1505	373	379	IL
6DME_A:20-21_34-36	373	379	IL
4V91_1:1883-1888_2347-2349	374	380	IL
5MRC_aa:517-521_529-534	374	380	IL
5TBW_1:1883-1888_2347-2349	374	380	IL
5MRC_A:25-32_3273-3274	374	380	IL
5MRC_aa:749-753_765-772	375	381	IL
3IGI_A:76-79_103-111	376	382	IL
4V9F_0:2672-2676_2809-2817	376	382	HT
4V91_1:725-728_741-745	377	383	IL
5TBW_1:725-728_741-745	377	383	TS
6D9J_2:951-956_967-975	378	384	IL
3J7Q_5:1925-1933_2053-2059	378	384	IL
3J9M_AA:887-893_900-908	378	384	IL
6GAZ_AA:241-247_254-262	378	384	IL
6GAW_BA:1483-1487_1497-1499	379	385	IL
4PDB_I:14-15_24-27	380	386	IL
5J7L_DA:1203-1206_1240-1242	380	386	IL
5BTP_B:7-9_47-49	380	386	IL
6FYY_2:479-481_504-507	380	386	IL
5MRC_aa:1275-1277_1332-1334	380	386	IL
5NGM_Aa:598-600_655-657	380	386	IL
5MRC_A:3163-3165_3240-3242	380	386	IL
6AZ3_1:1224-1228_1398-1402	381	387	IL
6FRK_1:96-106_248-254	382	388	IL
6HA1_A:2137-2150_2206-2210	382	388	IL
5T5H_B:502-507_519-526	382	388	IL
5XXB_1:178-179_245-252	383	389	IL
5MRC_A:804-807_818-823	383	389	IL
6D9J_5:1926-1933_2053-2058	384	390	IL
6HA1_a:250-255_285-292	384	390	IL
4LVW_A:5-9_77-84	384	390	IL
4NLF_A:2652-2658_2663-2668	384	390	IL
4P8Z_A:72-75_86-94	384	390	IL
5J7L_AA:242-247_277-284	384	390	KT
5XXU_2:311-316_348-355	384	390	IL
3J7P_S2:952-956_967-974	384	390	IL
6D9J_5:480-486_670-674	385	391	IL
5J7L_DA:1263-1269_2011-2016	386	392	SR
5MRC_A:279-285_293-298	386	392	SR
5OOL_A:2307-2313_2674-2679	386	392	SR
6AZ3_2:402-407_419-426	387	393	IL
5T2A_B:339-344_356-363	387	393	IL
6D9J_5:4596-4603_4608-4614	388	394	IL
4LFB_A:242-247_277-284	388	394	KT
4Y4O_2A:1798-1804_1813-1821	389	395	KT
6D9J_2:1168-1176_1185-1191	389	395	IL
3IAB_R:64-73_88-99	390	396	IL
5G2X_A:262-268_292-307	390	396	IL
5OOL_A:2385-2400_2403-2407	390	396	IL
3J79_A:385-388_399-413	390	396	IL
5NGM_Aa:458-466_483-491	390	396	IL
4V8P_D1:3036-3040_3080-3083	391	397	IL
4V91_1:3047-3051_3091-3094	391	397	IL
4IOA_X:1451-1454_1567-1571	391	397	IL
5MRC_A:787-791_835-838	391	397	CL
5TBW_1:3047-3051_3091-3094	391	397	IL
5OQL_1:1211-1215_1553-1557	392	398	IL
6HA1_A:1243-1247_1279-1283	392	398	IL
6ERI_AA:1378-1382_1391-1395	392	398	IL
5T5H_A:1741-1745_1753-1755	393	399	IL
6AZ3_1:1608-1612_1620-1622	393	399	IL
5MRC_A:2947-2951_3061-3063	393	399	IL
4IOA_X:2659-2663_2705-2707	394	400	CL
6ERI_AA:2314-2315_2335-2338	394	400	IL
4IOA_Y:32-33_53-56	394	400	IL
4V9F_0:2717-2721_2761-2763	394	400	CL
5OOL_A:3148-3152_3161-3163	394	400	IL
6D9J_5:4769-4773_4862-4865	394	400	IL
3J9M_AA:986-988_999-1002	394	400	IL
6AZ1_1:115-119_340-343	394	400	IL
3J7Q_5:484-487_669-670	394	400	IL
3J7Q_5:489-493_661-664	394	400	IL
3J7Q_5:989-992_1051-1064	394	400	IL
4V5O_BA:58-62_83-84	394	400	IL
6HA1_A:2709-2713_2754-2756	394	400	IL
5T5H_B:1328-1343_1357-1359	394	400	IL
3J7Q_5:4996-4997_5052-5055	394	400	IL
5XXB_1:1763-1765_1878-1882	394	400	IL
5VOE_A:6-11_27-31	395	401	IL
5NGM_Aa:250-255_285-292	396	402	IL
5AN9_N:1423-1429_1549-1555	396	402	IL
3J79_A:1315-1322_1442-1447	396	402	IL
5XYI_2:137-142_158-165	396	402	IL
5J7L_DA:1415-1416_1582-1587	397	403	IL
5O60_A:992-995_1013-1016	397	403	IL
3NDB_M:128-131_247-253	398	404	IL
5XY3_3:4-8_110-114	398	404	IL
5O60_A:239-245_253-258	399	405	IL
5O60_A:2860-2864_2998-3006	399	405	IL
4IOA_X:1054-1062_1119-1123	399	405	IL
4V9F_9:75-81_101-106	399	405	SR
4Y4O_2A:239-245_253-258	399	405	SR
5T5H_A:82-89_97-102	399	405	IL
3V7E_C:17-21_31-38	399	405	KT
5XXB_1:1485-1492_1512-1516	399	405	IL
