﻿This table shows all the ATOM-ATOM interactions of the interacting Bases from the 13 families of the Isostericity Matrices.  I have designated the oxygen on the sugar as O2* and the hydrogen on that oxygen as H2*.  All other ATOM designations come from the Sponer file.
CLZ changed hydrogen names 1H1 to H61, 1H6 to H61, 2H4 to H42, 2H2 to H22, 1H4 to H41, 2H6 to H62, 1H2 to H21.
CLZ notes that protonated A may have 1H1 or now H11; cWW,A,C and cWW,C,C may not have full h-bonds
CLZ changed * to '
CLZ removed reversible cases cWW,C,G; cWW,U,A; cWW,U,G; cWW,G,A; tWW,C,A; tWW,U,A; tWW,C,G; tWW,U,C; tWW,U,G;
cHH,C,G; cHH,G,A
CLZ changed the case of the edges in non-symmetric, non-reversible cases like cWw,A,A
CLZ swapped the roles of H41 and H42 because H41 is on the Watson-Crick edge
CLZ removed cis S/s,G,A,N2,H21,---,N1,-, on 2023-05-16 on advice of Eric Westhof because the geometry is not good and also one does not need four hydrogen bonds
Do not put commas in the comment lines, the code counts commas on each line!

TYPE,Bases,,ATOM 1,ATOM 2 ,H-bond,ATOM 3 ,ATOM 4,
cis W/w,A,A,N6,H61,---,N1,-,
cis W/w,A,A,-,N1,---,H2,C2,
cis W/W,A,C,N6,H61,---,N3,-,
cis W/W,A,C,N1,H11,---,O2,-,   *** presumes that N1 is protonated and that the atom is called H11
cis W/W,A,G,N6,H61,---,O6,-,
cis W/W,A,G,-,N1,---,H1,N1,
cis W/W,A,U,N6,H61,---,O4,-,
cis W/W,A,U,-,N1,---,H3,N3,
cis W/W,A,U,C2,H2,---,O2,-,    *** this bond is often long and low-angle
cis W/w,C,C,-,N3,---,H41,N4,
cis W/w,C,C,-,O2,---,H3,N3,    *** this will be unusual because N3 is protonated and H3 is usually not present
cis W/W,C,U,N4,H41,---,O4,-,
cis W/W,C,U,-,N3,---,H3,N3,    *** LSW 2002 indicates that this is water-mediated
cis W/W,G,C,-,O6,---,H41,N4,
cis W/W,G,C,N1,H1,---,N3,-,
cis W/W,G,C,N2,H22,---,O2,-,
cis W/w,G,G,-,O6,---,H1,N1,   *** this will be unusual because must be anionic
cis W/w,G,G,N1,H1,---,N2,-,
cis W/W,G,U,-,O6,---,H3,N3,
cis W/W,G,U,N1,H1,---,O2,-,
cis W/Wa,G,U,N1,H1,---,O4,-,   *** this will be unusual because must be anionic
cis W/Wa,G,U,-,N2,---,H3,N3,
cis W/w,U,U,-,O4,---,H3,N3,
cis W/w,U,U,N3,H3,---,O2,-,
trans W/W,A,A,N6,H61,---,N1,-,
trans W/W,A,A,-,N1,---,H61,N6,
trans W/W,A,C,N6,H61,---,N3,-,
trans W/W,A,C,-,N1,---,H41,N4,
trans W/W,A,U,N6,H61,---,O2,-,
trans W/W,A,U,-,N1,---,H3,N3,
trans W/W,A,U,C2,H2,---,O4,-,     *** this bond is often missing
trans W/W,C,C,N4,H41,---,O2,-,
trans W/W,C,C,-,O2,---,H41,N4,
trans W/Wa,C,C,N4,H41,---,N3,-,      *** alternate set of hydrogen bonds
trans W/Wa,C,C,-,N3,---,H41,N4,
trans W/W,C,U,N4,H41,---,O2,-,
trans W/W,C,U,-,N3,---,H3,N3,
trans W/W,G,C,N1,H1,---,O2,-,
trans W/W,G,C,N2,H22,---,N3,-,
trans W/W,G,G,-,O6,---,H1,N1,
trans W/W,G,G,N1,H1,---,O6,-,
trans W/W,G,U,-,O6,---,H3,N3,
trans W/W,G,U,N1,H1,---,O4,-,
trans W/W,U,U,-,O4,---,H3,N3,
trans W/W,U,U,N3,H3,---,O4,-,
trans W/Wa,U,U,-,O2,---,H3,N3,        *** alternate set of hydrogen bonds
trans W/Wa,U,U,N3,H3,---,O2,-,
cis W/H,A,G,N6,H61,---,O6,-,
cis W/H,A,G,N1,H1,---,N7,-,
cis W/H,A,U,N6,H61,---,O4,-,
cis W/H,A,U,-,N1,---,H5,C5,
cis W/H,C,C,-,N3,---,H42,N4,
cis W/H,C,C,-,O2,---,H5,C5,
cis W/H,C,G,N4,H41,---,O6,-,
cis W/H,C,G,N3,H3,---,N7,-,
cis W/H,C,U,N4,H41,---,O4,-,
cis W/H,C,U,-,N3,---,H5,C5,
cis W/H,G,A,-,O6,---,H62,N6,
cis W/H,G,A,N1,H1,---,N7,-,
cis W/H,G,G,N1,H1,---,O6,-,
cis W/H,G,G,N2,H22,---,N7,-,
cis W/H,U,A,-,O4,---,H62,N6,
cis W/H,U,A,N3,H3,---,N7,-,
cis W/H,U,A,-,O2,---,H8,C8,
cis W/H,U,G,N3,H3,---,N7,-,
cis W/H,U,G,-,O2,---,H8,C8,
cis W/H,U,U,N3,H3,---,O4,-,
cis W/H,U,U,-,O2,---,H5,C5,
trans W/H,A,A,N6,H61,---,N7,-,
trans W/H,A,A,-,N1,---,H62,N6,
trans W/H,A,G,N6,H61,---,N7,-,
trans W/H,A,G,N1,H1,---,O6,-,
trans W/H,C,A,N4,H41,---,N7,-,
trans W/H,C,A,-,N3,---,H62,N6,
trans W/H,C,C,-,N3,---,H5,C5,
trans W/H,C,C,-,O2,---,H42,N4,
trans W/H,C,G,N4,H41,---,N7,-,
trans W/H,C,G,N3,H3,---,O6,-,
trans W/H,G,G,N1,H1,---,N7,-,
trans W/H,G,G,N2,H22,---,O6,-,
trans W/H,G,U,-,O6,---,H5,C5,
trans W/H,G,U,N1,H1,---,O4,-,
trans W/H,U,A,N3,H3,---,N7,-,
trans W/H,U,A,-,O2,---,H62,N6,
trans W/H,U,G,-,O4,---,H8,C8,
trans W/H,U,G,N3,H3,---,N7,-,
trans W/H,U,U,-,O4,---,H5,C5,
trans W/H,U,U,N3,H3,---,O4,-,
cis W/S,A,A,N6,H61,---,N3,-,
cis W/S,A,A,-,N1,---,H2',O2',
cis W/S,A,C,N6,H61,---,O2,-,
cis W/S,A,C,-,N1,---,H2',O2',
cis W/S,A,G,N6,H61,---,N3,-,
cis W/S,A,G,-,N1,---,H2',O2',
cis W/S,A,U,N6,H61,---,O2,-,
cis W/S,A,U,-,N1,---,H2',O2',
cis W/S,C,A,N4,H41,---,N3,-,
cis W/S,C,A,-,N3,---,H2',O2',
cis W/S,C,C,N4,H41,---,O2,-,
cis W/S,C,C,-,N3,---,H2',O2',
cis W/S,C,G,N4,H41,---,N3,-,
cis W/S,C,G,-,N3,---,H2',O2',
cis W/S,C,U,N4,H41,---,O2,-,
cis W/S,C,U,-,N3,---,H2',O2',
cis W/S,G,A,-,O6,---,H2,C2,
cis W/S,G,A,N1,H1,---,N3,-,
cis W/S,G,A,N2,H22,---,O2',-,
cis W/S,G,C,N1,H1,---,O2,-,
cis W/S,G,C,N2,H22,---,O2',-,
cis W/S,G,G,-,O6,---,H21,N2,
cis W/S,G,G,N2,H22,---,O2',-,
cis W/S,G,U,N1,H1,---,O2,-,
cis W/S,G,U,N2,H22,---,O2',-,
cis W/S,U,A,-,O4,---,H2,C2,
cis W/S,U,A,N3,H3,---,N3,-,
cis W/S,U,A,-,O2,---,H2',O2',
cis W/S,U,C,N3,H3,---,O2,-,
cis W/S,U,C,-,O2,---,H2',O2',
cis W/S,U,G,-,O4,---,H21,N2,
cis W/S,U,G,N3,H3,---,N3,-,
cis W/S,U,U,N3,H3,---,O2,-,
cis W/S,U,U,-,O2,---,H2',O2',
trans W/S,A,A,N6,H61,---,N3,-,
trans W/S,A,A,-,N1,---,H2,C2,
trans W/S,A,C,N6,H62,---,O2',-,
trans W/S,A,C,N6,H61,---,O2,-,
trans W/S,A,G,N6,H61,---,N3,-,
trans W/S,A,G,-,N1,---,H21,N2,
trans W/S,A,U,N6,H62,---,O2',-,
trans W/S,A,U,N6,H61,---,O2,-,
trans W/S,C,A,N4,H42,---,O2',-,
trans W/S,C,A,N4,H41,---,N3,-,
trans W/S,C,C,N4,H42,---,O2',-,
trans W/S,C,C,N4,H41,---,O2,-,
trans W/S,C,G,N4,H42,---,O2',-,
trans W/S,C,G,N4,H41,---,N3,-,
trans W/S,C,G,-,N3,---,H21,N2,
trans W/S,C,U,N4,H42,---,O2',-,
trans W/S,C,U,N4,H41,---,O2,-,
trans W/S,G,C,-,O6,---,H2',O2',
trans W/S,G,C,N1,H1,---,O2,-,
trans W/S,G,U,-,O6,---,H2',O2',
trans W/S,G,U,N1,H1,---,O2,-,
trans W/S,U,A,N3,H3,---,N3,-,
trans W/S,U,A,-,O2,---,H2,C2,
trans W/S,U,C,-,O4,---,H2',O2',
trans W/S,U,C,N3,H3,---,O2,-,
trans W/S,U,G,-,O2,---,H21,N2,
trans W/S,U,U,-,O4,---,H2',O2',
trans W/S,U,U,N3,H3,---,O2,-,
cis H/H,A,G,N6,H62,---,O6,-,
cis H/H,G,C,-,O6,---,H6,C6,
cis H/Ha,G,C,-,O6,---,H42,N4,          *** plausible alternate set of hydrogen bonds ***
cis H/Ha,G,C,-,N7,---,H5,C5,           *** plausible alternate set of hydrogen bonds ***
cis H/h,G,G,-,O6,---,H8,C8,
trans H/H,A,A,-,N7,---,H62,N6,
trans H/H,A,A,N6,H62,---,N7,-,
trans H/H,A,C,-,N7,---,H42,N4,
trans H/H,A,G,N6,H62,---,O6,-,
trans H/H,A,U,N6,H62,---,O4,-,
trans H/H,C,U,N4,H42,---,O4,-,
trans H/H,G,C,-,N7,---,H42,N4,
trans H/H,G,C,-,O6,---,H5,C5,          *** plausible additional hydrogen bond 2023-07-19 CLZ ***
trans H/h,G,G,-,O6,---,H8,C8,
cis H/S,A,A,N6,H62,---,N3,-,
cis H/S,A,C,N6,H62,---,O2,-,
cis H/S,A,G,-,N7,---,H21,N2,
cis H/S,A,U,N6,H62,---,O2,-,
cis H/S,C,A,N4,H42,---,N3,-,
cis H/S,C,C,N4,H42,---,O2,-,
cis H/S,C,G,N4,H42,---,N3,-,
cis H/S,C,U,N4,H42,---,O2,-,
cis H/S,G,A,-,O6,---,H2,C2,
cis H/S,G,G,-,O6,---,H21,N2,
cis H/S,U,A,-,O4,---,H2,C2,
cis H/S,U,C,C5,H5,---,O2,-,
cis H/S,U,G,-,O4,---,H21,N2,
cis H/S,U,U,C5,H5,---,O2,-,
trans H/S,A,A,-,N7,---,H2,C2,
trans H/S,A,A,N6,H62,---,N3,-,
trans H/S,A,A,N6,H61,---,O2',-,
trans H/S,A,C,N6,H62,---,O2,-,
trans H/S,A,C,N6,H61,---,O2',-,
trans H/S,A,G,-,N7,---,H21,N2,
trans H/S,A,G,N6,H62,---,N3,-,
trans H/S,A,G,N6,H61,---,O2',-,        *** shown in LSW 2002 but not in basepair catalog; don't know why ***
trans H/S,A,U,N6,H62,---,O2,-,
trans H/S,A,U,N6,H61,---,O2',-,
trans H/S,C,A,N4,H42,---,N3,-,
trans H/S,C,A,N4,H41,---,O2',-,
trans H/S,C,C,N4,H42,---,O2,-,
trans H/S,C,C,N4,H41,---,O2',-,
trans H/S,C,U,N4,H42,---,O2,-,
trans H/S,C,U,N4,H41,---,O2',-,
trans H/S,G,G,-,O6,---,H21,N2,
trans H/S,U,A,-,O4,---,H2,C2,
trans H/S,U,G,-,O4,---,H21,N2,
cis S/s,A,A,O2',H2',---,N3,-,
cis S/s,A,A,-,N3,---,H2,C2,
cis S/s,A,A,-,O2',---,H2',O2',
cis S/s,A,C,-,O2',---,H2',O2',
cis S/s,A,C,O2',H2',---,O2,-,
cis S/s,A,G,O2',H2',---,N3,-,
cis S/s,A,G,-,N3,---,H21,N2,
cis S/s,A,G,-,O2',---,H2',O2',
cis S/s,A,U,-,O2',---,H2',O2',
cis S/s,A,U,O2',H2',---,O2,-,
cis S/s,C,A,-,O2',---,H2',O2',
cis S/s,C,A,O2',H2',---,N3,-,
cis S/s,C,A,-,O2,---,H2,C2,              *** added 2023-05-16 CLZ to resemble UA cSS ***
cis S/s,C,C,-,O2',---,H2',O2',
cis S/s,C,C,O2',H2',---,O2,-,
cis S/s,C,G,O2',H2',---,N3,-,
cis S/s,C,G,-,O2,---,H21,N2,
cis S/s,C,G,-,O2',---,H2',O2',
cis S/s,C,U,-,O2',---,H2',O2',
cis S/s,C,U,O2',H2',---,O2,-,
cis S/s,G,A,O2',H2',---,N3,-,
cis S/s,G,A,-,N3,---,H2,C2,
cis S/s,G,A,-,O2',---,H2',O2',
cis S/s,G,C,-,O2',---,H2',O2',
cis S/s,G,C,O2',H2',---,O2,-,
cis S/s,G,G,O2',H2',---,N3,-,
cis S/s,G,G,-,N3,---,H21,N2,
cis S/s,G,G,-,O2',---,H2',O2',
cis S/s,G,U,-,O2',---,H2',O2',
cis S/s,G,U,O2',H2',---,O2,-,
cis S/s,U,A,-,O2',---,H2',O2',
cis S/s,U,A,O2',H2',---,N3,-,
cis S/s,U,A,-,O2,---,H2,C2,
cis S/s,U,C,-,O2',---,H2',O2',
cis S/s,U,C,O2',H2',---,O2,-,
cis S/s,U,G,-,O2',---,H2',O2',
cis S/s,U,G,O2',H2',---,N3,-,
cis S/s,U,G,-,O2,---,H21,N2,
cis S/s,U,U,-,O2',---,H2',O2',
cis S/s,U,U,O2',H2',---,O2,-,
trans S/s,A,A,-,N3,---,H2,C2,              *** usually a bad bond; reconsider ***
trans S/s,A,A,C2,H2,---,N3,-,              *** fixed 2023-06-17 CLZ to use H2 ***
trans S/s,A,A,-,N1,---,H2',O2',
trans S/s,A,C,C2,H2,---,O2,-,
trans S/s,A,C,-,N1,---,H2',O2',
trans S/s,A,G,-,N3,---,H21,N2,
trans S/s,A,G,C2,H2,---,N3,-,
trans S/s,A,G,-,N1,---,H2',O2',
trans S/s,A,U,-,N1,---,H2',O2',
trans S/s,A,U,C2,H2,---,O2,-,
trans S/s,G,A,-,N3,---,H2,C2,
trans S/s,G,A,N2,H21,---,N3,-,
trans S/s,G,A,N2,H22,---,O2',-,
trans S/s,G,C,N2,H21,---,O2,-,
trans S/s,G,C,N2,H22,---,O2',-,
trans S/S,G,G,-,O2',---,H22,N2,
trans S/S,G,G,-,N3,---,H21,N2,
trans S/S,G,G,N2,H21,---,N3,-,
trans S/S,G,G,N2,H22,---,O2',-,
trans S/s,G,U,N2,H22,---,O2',-,
trans S/s,G,U,N2,H21,---,O2,-,
cis W/B,A,A,-,N1,---,H61,N6,
cis W/B,A,A,-,N1,---,H62,N6,
cis W/B,A,C,-,N1,---,H42,N4,
cis W/B,A,C,-,N1,---,H41,N4,
cis W/B,C,A,-,N3,---,H61,N6,
cis W/B,C,A,-,N3,---,H62,N6,
cis W/B,C,A,-,O2,---,H61,N6,
cis W/B,C,C,-,N3,---,H41,N4,
cis W/B,C,C,-,O2,---,H41,N4,
cis W/B,G,G,N1,H1,---,O6,-,
cis W/B,G,G,N2,H22,---,O6,-,
cis W/B,G,U,N1,H1,---,O4,-,
cis W/B,G,U,N2,H22,---,O4,-,
